filename,path,total_rows,missing_values,missing_percentage
HV1_PM10_2023-03-01_2023-03-31.csv,/Users/burdzhuchaglayan/Desktop/data science projects/air-pollution-levels/data/laqn/optimased/2023_mar/HV1_PM10_2023-03-01_2023-03-31.csv,720,0,0.0
LB5_SO2_2023-03-01_2023-03-31.csv,/Users/burdzhuchaglayan/Desktop/data science projects/air-pollution-levels/data/laqn/optimased/2023_mar/LB5_SO2_2023-03-01_2023-03-31.csv,720,2,0.28
LB5_PM10_2023-03-01_2023-03-31.csv,/Users/burdzhuchaglayan/Desktop/data science projects/air-pollution-levels/data/laqn/optimased/2023_mar/LB5_PM10_2023-03-01_2023-03-31.csv,720,112,15.56
LB5_NO2_2023-03-01_2023-03-31.csv,/Users/burdzhuchaglayan/Desktop/data science projects/air-pollution-levels/data/laqn/optimased/2023_mar/LB5_NO2_2023-03-01_2023-03-31.csv,720,2,0.28
HV1_PM2.5_2023-03-01_2023-03-31.csv,/Users/burdzhuchaglayan/Desktop/data science projects/air-pollution-levels/data/laqn/optimased/2023_mar/HV1_PM2.5_2023-03-01_2023-03-31.csv,720,0,0.0
GR4_O3_2023-03-01_2023-03-31.csv,/Users/burdzhuchaglayan/Desktop/data science projects/air-pollution-levels/data/laqn/optimased/2023_mar/GR4_O3_2023-03-01_2023-03-31.csv,720,73,10.14
BL0_NO2_2023-03-01_2023-03-31.csv,/Users/burdzhuchaglayan/Desktop/data science projects/air-pollution-levels/data/laqn/optimased/2023_mar/BL0_NO2_2023-03-01_2023-03-31.csv,720,2,0.28
BL0_PM10_2023-03-01_2023-03-31.csv,/Users/burdzhuchaglayan/Desktop/data science projects/air-pollution-levels/data/laqn/optimased/2023_mar/BL0_PM10_2023-03-01_2023-03-31.csv,720,0,0.0
WM0_NO2_2023-03-01_2023-03-31.csv,/Users/burdzhuchaglayan/Desktop/data science projects/air-pollution-levels/data/laqn/optimased/2023_mar/WM0_NO2_2023-03-01_2023-03-31.csv,720,29,4.03
EN5_PM10_2023-03-01_2023-03-31.csv,/Users/burdzhuchaglayan/Desktop/data science projects/air-pollution-levels/data/laqn/optimased/2023_mar/EN5_PM10_2023-03-01_2023-03-31.csv,720,8,1.11
BL0_O3_2023-03-01_2023-03-31.csv,/Users/burdzhuchaglayan/Desktop/data science projects/air-pollution-levels/data/laqn/optimased/2023_mar/BL0_O3_2023-03-01_2023-03-31.csv,720,0,0.0
BL0_PM2.5_2023-03-01_2023-03-31.csv,/Users/burdzhuchaglayan/Desktop/data science projects/air-pollution-levels/data/laqn/optimased/2023_mar/BL0_PM2.5_2023-03-01_2023-03-31.csv,720,0,0.0
BT4_O3_2023-03-01_2023-03-31.csv,/Users/burdzhuchaglayan/Desktop/data science projects/air-pollution-levels/data/laqn/optimased/2023_mar/BT4_O3_2023-03-01_2023-03-31.csv,720,3,0.42
WAA_PM2.5_2025-02-01_2025-02-28.csv,/Users/burdzhuchaglayan/Desktop/data science projects/air-pollution-levels/data/laqn/optimased/2025_feb/WAA_PM2.5_2025-02-01_2025-02-28.csv,648,4,0.62
RHI_PM2.5_2025-02-01_2025-02-28.csv,/Users/burdzhuchaglayan/Desktop/data science projects/air-pollution-levels/data/laqn/optimased/2025_feb/RHI_PM2.5_2025-02-01_2025-02-28.csv,648,109,16.82
WM5_PM2.5_2025-02-01_2025-02-28.csv,/Users/burdzhuchaglayan/Desktop/data science projects/air-pollution-levels/data/laqn/optimased/2025_feb/WM5_PM2.5_2025-02-01_2025-02-28.csv,648,1,0.15
WAC_NO2_2025-02-01_2025-02-28.csv,/Users/burdzhuchaglayan/Desktop/data science projects/air-pollution-levels/data/laqn/optimased/2025_feb/WAC_NO2_2025-02-01_2025-02-28.csv,648,3,0.46
WM6_PM2.5_2025-02-01_2025-02-28.csv,/Users/burdzhuchaglayan/Desktop/data science projects/air-pollution-levels/data/laqn/optimased/2025_feb/WM6_PM2.5_2025-02-01_2025-02-28.csv,648,1,0.15
IS2_PM2.5_2025-02-01_2025-02-28.csv,/Users/burdzhuchaglayan/Desktop/data science projects/air-pollution-levels/data/laqn/optimased/2025_feb/IS2_PM2.5_2025-02-01_2025-02-28.csv,648,74,11.42
WAB_PM2.5_2025-02-01_2025-02-28.csv,/Users/burdzhuchaglayan/Desktop/data science projects/air-pollution-levels/data/laqn/optimased/2025_feb/WAB_PM2.5_2025-02-01_2025-02-28.csv,648,1,0.15
HV1_PM10_2025-02-01_2025-02-28.csv,/Users/burdzhuchaglayan/Desktop/data science projects/air-pollution-levels/data/laqn/optimased/2025_feb/HV1_PM10_2025-02-01_2025-02-28.csv,648,10,1.54
WA9_NO2_2025-02-01_2025-02-28.csv,/Users/burdzhuchaglayan/Desktop/data science projects/air-pollution-levels/data/laqn/optimased/2025_feb/WA9_NO2_2025-02-01_2025-02-28.csv,648,3,0.46
IS6_PM2.5_2025-02-01_2025-02-28.csv,/Users/burdzhuchaglayan/Desktop/data science projects/air-pollution-levels/data/laqn/optimased/2025_feb/IS6_PM2.5_2025-02-01_2025-02-28.csv,648,3,0.46
RHI_PM10_2025-02-01_2025-02-28.csv,/Users/burdzhuchaglayan/Desktop/data science projects/air-pollution-levels/data/laqn/optimased/2025_feb/RHI_PM10_2025-02-01_2025-02-28.csv,648,107,16.51
WAC_PM2.5_2025-02-01_2025-02-28.csv,/Users/burdzhuchaglayan/Desktop/data science projects/air-pollution-levels/data/laqn/optimased/2025_feb/WAC_PM2.5_2025-02-01_2025-02-28.csv,648,52,8.02
WA9_PM2.5_2025-02-01_2025-02-28.csv,/Users/burdzhuchaglayan/Desktop/data science projects/air-pollution-levels/data/laqn/optimased/2025_feb/WA9_PM2.5_2025-02-01_2025-02-28.csv,648,4,0.62
WM5_PM2.5_2024-02-01_2024-02-29.csv,/Users/burdzhuchaglayan/Desktop/data science projects/air-pollution-levels/data/laqn/optimased/2024_feb/WM5_PM2.5_2024-02-01_2024-02-29.csv,672,94,13.99
WM6_PM2.5_2024-02-01_2024-02-29.csv,/Users/burdzhuchaglayan/Desktop/data science projects/air-pollution-levels/data/laqn/optimased/2024_feb/WM6_PM2.5_2024-02-01_2024-02-29.csv,672,38,5.65
BL0_PM2.5_2025-08-01_2025-08-31.csv,/Users/burdzhuchaglayan/Desktop/data science projects/air-pollution-levels/data/laqn/optimased/2025_aug/BL0_PM2.5_2025-08-01_2025-08-31.csv,720,0,0.0
WM5_PM2.5_2025-08-01_2025-08-31.csv,/Users/burdzhuchaglayan/Desktop/data science projects/air-pollution-levels/data/laqn/optimased/2025_aug/WM5_PM2.5_2025-08-01_2025-08-31.csv,720,2,0.28
WAC_NO2_2025-08-01_2025-08-31.csv,/Users/burdzhuchaglayan/Desktop/data science projects/air-pollution-levels/data/laqn/optimased/2025_aug/WAC_NO2_2025-08-01_2025-08-31.csv,720,7,0.97
ME2_PM2.5_2025-08-01_2025-08-31.csv,/Users/burdzhuchaglayan/Desktop/data science projects/air-pollution-levels/data/laqn/optimased/2025_aug/ME2_PM2.5_2025-08-01_2025-08-31.csv,720,20,2.78
RHI_PM2.5_2025-08-01_2025-08-31.csv,/Users/burdzhuchaglayan/Desktop/data science projects/air-pollution-levels/data/laqn/optimased/2025_aug/RHI_PM2.5_2025-08-01_2025-08-31.csv,720,97,13.47
TH6_NO2_2025-08-01_2025-08-31.csv,/Users/burdzhuchaglayan/Desktop/data science projects/air-pollution-levels/data/laqn/optimased/2025_aug/TH6_NO2_2025-08-01_2025-08-31.csv,720,15,2.08
GT1_NO2_2025-08-01_2025-08-31.csv,/Users/burdzhuchaglayan/Desktop/data science projects/air-pollution-levels/data/laqn/optimased/2025_aug/GT1_NO2_2025-08-01_2025-08-31.csv,720,9,1.25
BL0_O3_2025-08-01_2025-08-31.csv,/Users/burdzhuchaglayan/Desktop/data science projects/air-pollution-levels/data/laqn/optimased/2025_aug/BL0_O3_2025-08-01_2025-08-31.csv,720,0,0.0
WAA_PM2.5_2025-08-01_2025-08-31.csv,/Users/burdzhuchaglayan/Desktop/data science projects/air-pollution-levels/data/laqn/optimased/2025_aug/WAA_PM2.5_2025-08-01_2025-08-31.csv,720,2,0.28
ME2_NO2_2025-08-01_2025-08-31.csv,/Users/burdzhuchaglayan/Desktop/data science projects/air-pollution-levels/data/laqn/optimased/2025_aug/ME2_NO2_2025-08-01_2025-08-31.csv,720,4,0.56
RI2_PM2.5_2025-08-01_2025-08-31.csv,/Users/burdzhuchaglayan/Desktop/data science projects/air-pollution-levels/data/laqn/optimased/2025_aug/RI2_PM2.5_2025-08-01_2025-08-31.csv,720,0,0.0
TH7_NO2_2025-08-01_2025-08-31.csv,/Users/burdzhuchaglayan/Desktop/data science projects/air-pollution-levels/data/laqn/optimased/2025_aug/TH7_NO2_2025-08-01_2025-08-31.csv,720,1,0.14
GT1_PM10_2025-08-01_2025-08-31.csv,/Users/burdzhuchaglayan/Desktop/data science projects/air-pollution-levels/data/laqn/optimased/2025_aug/GT1_PM10_2025-08-01_2025-08-31.csv,720,10,1.39
RHI_NO2_2025-08-01_2025-08-31.csv,/Users/burdzhuchaglayan/Desktop/data science projects/air-pollution-levels/data/laqn/optimased/2025_aug/RHI_NO2_2025-08-01_2025-08-31.csv,720,2,0.28
TH5_PM10_2025-08-01_2025-08-31.csv,/Users/burdzhuchaglayan/Desktop/data science projects/air-pollution-levels/data/laqn/optimased/2025_aug/TH5_PM10_2025-08-01_2025-08-31.csv,720,26,3.61
WM6_PM2.5_2025-08-01_2025-08-31.csv,/Users/burdzhuchaglayan/Desktop/data science projects/air-pollution-levels/data/laqn/optimased/2025_aug/WM6_PM2.5_2025-08-01_2025-08-31.csv,720,1,0.14
IS2_PM2.5_2025-08-01_2025-08-31.csv,/Users/burdzhuchaglayan/Desktop/data science projects/air-pollution-levels/data/laqn/optimased/2025_aug/IS2_PM2.5_2025-08-01_2025-08-31.csv,720,95,13.19
WME_NO2_2025-08-01_2025-08-31.csv,/Users/burdzhuchaglayan/Desktop/data science projects/air-pollution-levels/data/laqn/optimased/2025_aug/WME_NO2_2025-08-01_2025-08-31.csv,720,6,0.83
TH7_PM2.5_2025-08-01_2025-08-31.csv,/Users/burdzhuchaglayan/Desktop/data science projects/air-pollution-levels/data/laqn/optimased/2025_aug/TH7_PM2.5_2025-08-01_2025-08-31.csv,720,1,0.14
EN5_PM2.5_2025-08-01_2025-08-31.csv,/Users/burdzhuchaglayan/Desktop/data science projects/air-pollution-levels/data/laqn/optimased/2025_aug/EN5_PM2.5_2025-08-01_2025-08-31.csv,720,44,6.11
TH2_PM2.5_2025-08-01_2025-08-31.csv,/Users/burdzhuchaglayan/Desktop/data science projects/air-pollution-levels/data/laqn/optimased/2025_aug/TH2_PM2.5_2025-08-01_2025-08-31.csv,720,33,4.58
RHI_PM10_2025-08-01_2025-08-31.csv,/Users/burdzhuchaglayan/Desktop/data science projects/air-pollution-levels/data/laqn/optimased/2025_aug/RHI_PM10_2025-08-01_2025-08-31.csv,720,3,0.42
WA7_PM2.5_2025-08-01_2025-08-31.csv,/Users/burdzhuchaglayan/Desktop/data science projects/air-pollution-levels/data/laqn/optimased/2025_aug/WA7_PM2.5_2025-08-01_2025-08-31.csv,720,3,0.42
WME_O3_2025-08-01_2025-08-31.csv,/Users/burdzhuchaglayan/Desktop/data science projects/air-pollution-levels/data/laqn/optimased/2025_aug/WME_O3_2025-08-01_2025-08-31.csv,720,0,0.0
WA9_NO2_2025-08-01_2025-08-31.csv,/Users/burdzhuchaglayan/Desktop/data science projects/air-pollution-levels/data/laqn/optimased/2025_aug/WA9_NO2_2025-08-01_2025-08-31.csv,720,4,0.56
MEA_PM2.5_2025-08-01_2025-08-31.csv,/Users/burdzhuchaglayan/Desktop/data science projects/air-pollution-levels/data/laqn/optimased/2025_aug/MEA_PM2.5_2025-08-01_2025-08-31.csv,720,56,7.78
IS6_PM2.5_2025-08-01_2025-08-31.csv,/Users/burdzhuchaglayan/Desktop/data science projects/air-pollution-levels/data/laqn/optimased/2025_aug/IS6_PM2.5_2025-08-01_2025-08-31.csv,720,2,0.28
TH6_PM10_2025-08-01_2025-08-31.csv,/Users/burdzhuchaglayan/Desktop/data science projects/air-pollution-levels/data/laqn/optimased/2025_aug/TH6_PM10_2025-08-01_2025-08-31.csv,720,8,1.11
BL0_PM10_2025-08-01_2025-08-31.csv,/Users/burdzhuchaglayan/Desktop/data science projects/air-pollution-levels/data/laqn/optimased/2025_aug/BL0_PM10_2025-08-01_2025-08-31.csv,720,0,0.0
MEB_PM10_2025-08-01_2025-08-31.csv,/Users/burdzhuchaglayan/Desktop/data science projects/air-pollution-levels/data/laqn/optimased/2025_aug/MEB_PM10_2025-08-01_2025-08-31.csv,720,3,0.42
MEB_PM2.5_2025-08-01_2025-08-31.csv,/Users/burdzhuchaglayan/Desktop/data science projects/air-pollution-levels/data/laqn/optimased/2025_aug/MEB_PM2.5_2025-08-01_2025-08-31.csv,720,3,0.42
BL0_NO2_2025-08-01_2025-08-31.csv,/Users/burdzhuchaglayan/Desktop/data science projects/air-pollution-levels/data/laqn/optimased/2025_aug/BL0_NO2_2025-08-01_2025-08-31.csv,720,2,0.28
WA9_PM2.5_2025-08-01_2025-08-31.csv,/Users/burdzhuchaglayan/Desktop/data science projects/air-pollution-levels/data/laqn/optimased/2025_aug/WA9_PM2.5_2025-08-01_2025-08-31.csv,720,57,7.92
TH5_PM2.5_2025-08-01_2025-08-31.csv,/Users/burdzhuchaglayan/Desktop/data science projects/air-pollution-levels/data/laqn/optimased/2025_aug/TH5_PM2.5_2025-08-01_2025-08-31.csv,720,85,11.81
EN5_PM10_2025-08-01_2025-08-31.csv,/Users/burdzhuchaglayan/Desktop/data science projects/air-pollution-levels/data/laqn/optimased/2025_aug/EN5_PM10_2025-08-01_2025-08-31.csv,720,44,6.11
WME_PM2.5_2025-08-01_2025-08-31.csv,/Users/burdzhuchaglayan/Desktop/data science projects/air-pollution-levels/data/laqn/optimased/2025_aug/WME_PM2.5_2025-08-01_2025-08-31.csv,720,106,14.72
ME2_PM10_2025-08-01_2025-08-31.csv,/Users/burdzhuchaglayan/Desktop/data science projects/air-pollution-levels/data/laqn/optimased/2025_aug/ME2_PM10_2025-08-01_2025-08-31.csv,720,84,11.67
TH5_NO2_2025-08-01_2025-08-31.csv,/Users/burdzhuchaglayan/Desktop/data science projects/air-pollution-levels/data/laqn/optimased/2025_aug/TH5_NO2_2025-08-01_2025-08-31.csv,720,0,0.0
BL0_SO2_2025-08-01_2025-08-31.csv,/Users/burdzhuchaglayan/Desktop/data science projects/air-pollution-levels/data/laqn/optimased/2025_aug/BL0_SO2_2025-08-01_2025-08-31.csv,720,8,1.11
MEA_NO2_2025-08-01_2025-08-31.csv,/Users/burdzhuchaglayan/Desktop/data science projects/air-pollution-levels/data/laqn/optimased/2025_aug/MEA_NO2_2025-08-01_2025-08-31.csv,720,3,0.42
WM5_PM2.5_2024-08-01_2024-08-31.csv,/Users/burdzhuchaglayan/Desktop/data science projects/air-pollution-levels/data/laqn/optimased/2024_aug/WM5_PM2.5_2024-08-01_2024-08-31.csv,720,15,2.08
WM6_PM2.5_2024-08-01_2024-08-31.csv,/Users/burdzhuchaglayan/Desktop/data science projects/air-pollution-levels/data/laqn/optimased/2024_aug/WM6_PM2.5_2024-08-01_2024-08-31.csv,720,3,0.42
WA9_NO2_2024-08-01_2024-08-31.csv,/Users/burdzhuchaglayan/Desktop/data science projects/air-pollution-levels/data/laqn/optimased/2024_aug/WA9_NO2_2024-08-01_2024-08-31.csv,720,0,0.0
ME2_PM10_2024-08-01_2024-08-31.csv,/Users/burdzhuchaglayan/Desktop/data science projects/air-pollution-levels/data/laqn/optimased/2024_aug/ME2_PM10_2024-08-01_2024-08-31.csv,720,36,5.0
WM6_PM2.5_2025-03-01_2025-03-31.csv,/Users/burdzhuchaglayan/Desktop/data science projects/air-pollution-levels/data/laqn/optimased/2025_mar/WM6_PM2.5_2025-03-01_2025-03-31.csv,720,2,0.28
IS2_PM2.5_2025-03-01_2025-03-31.csv,/Users/burdzhuchaglayan/Desktop/data science projects/air-pollution-levels/data/laqn/optimased/2025_mar/IS2_PM2.5_2025-03-01_2025-03-31.csv,720,1,0.14
WAB_PM2.5_2025-03-01_2025-03-31.csv,/Users/burdzhuchaglayan/Desktop/data science projects/air-pollution-levels/data/laqn/optimased/2025_mar/WAB_PM2.5_2025-03-01_2025-03-31.csv,720,3,0.42
WAA_PM2.5_2025-03-01_2025-03-31.csv,/Users/burdzhuchaglayan/Desktop/data science projects/air-pollution-levels/data/laqn/optimased/2025_mar/WAA_PM2.5_2025-03-01_2025-03-31.csv,720,0,0.0
RHI_PM2.5_2025-03-01_2025-03-31.csv,/Users/burdzhuchaglayan/Desktop/data science projects/air-pollution-levels/data/laqn/optimased/2025_mar/RHI_PM2.5_2025-03-01_2025-03-31.csv,720,3,0.42
WM5_PM2.5_2025-03-01_2025-03-31.csv,/Users/burdzhuchaglayan/Desktop/data science projects/air-pollution-levels/data/laqn/optimased/2025_mar/WM5_PM2.5_2025-03-01_2025-03-31.csv,720,4,0.56
WAC_NO2_2025-03-01_2025-03-31.csv,/Users/burdzhuchaglayan/Desktop/data science projects/air-pollution-levels/data/laqn/optimased/2025_mar/WAC_NO2_2025-03-01_2025-03-31.csv,720,0,0.0
WA9_NO2_2025-03-01_2025-03-31.csv,/Users/burdzhuchaglayan/Desktop/data science projects/air-pollution-levels/data/laqn/optimased/2025_mar/WA9_NO2_2025-03-01_2025-03-31.csv,720,1,0.14
IS6_PM2.5_2025-03-01_2025-03-31.csv,/Users/burdzhuchaglayan/Desktop/data science projects/air-pollution-levels/data/laqn/optimased/2025_mar/IS6_PM2.5_2025-03-01_2025-03-31.csv,720,1,0.14
RHI_PM10_2025-03-01_2025-03-31.csv,/Users/burdzhuchaglayan/Desktop/data science projects/air-pollution-levels/data/laqn/optimased/2025_mar/RHI_PM10_2025-03-01_2025-03-31.csv,720,4,0.56
WAC_PM2.5_2025-03-01_2025-03-31.csv,/Users/burdzhuchaglayan/Desktop/data science projects/air-pollution-levels/data/laqn/optimased/2025_mar/WAC_PM2.5_2025-03-01_2025-03-31.csv,720,76,10.56
HV1_PM2.5_2023-02-01_2023-02-28.csv,/Users/burdzhuchaglayan/Desktop/data science projects/air-pollution-levels/data/laqn/optimased/2023_feb/HV1_PM2.5_2023-02-01_2023-02-28.csv,648,20,3.09
BL0_SO2_2023-02-01_2023-02-28.csv,/Users/burdzhuchaglayan/Desktop/data science projects/air-pollution-levels/data/laqn/optimased/2023_feb/BL0_SO2_2023-02-01_2023-02-28.csv,648,34,5.25
TD5_PM2.5_2023-02-01_2023-02-28.csv,/Users/burdzhuchaglayan/Desktop/data science projects/air-pollution-levels/data/laqn/optimased/2023_feb/TD5_PM2.5_2023-02-01_2023-02-28.csv,648,0,0.0
BL0_NO2_2023-02-01_2023-02-28.csv,/Users/burdzhuchaglayan/Desktop/data science projects/air-pollution-levels/data/laqn/optimased/2023_feb/BL0_NO2_2023-02-01_2023-02-28.csv,648,28,4.32
GR4_O3_2023-02-01_2023-02-28.csv,/Users/burdzhuchaglayan/Desktop/data science projects/air-pollution-levels/data/laqn/optimased/2023_feb/GR4_O3_2023-02-01_2023-02-28.csv,648,94,14.51
BL0_PM10_2023-02-01_2023-02-28.csv,/Users/burdzhuchaglayan/Desktop/data science projects/air-pollution-levels/data/laqn/optimased/2023_feb/BL0_PM10_2023-02-01_2023-02-28.csv,648,0,0.0
WM0_NO2_2023-02-01_2023-02-28.csv,/Users/burdzhuchaglayan/Desktop/data science projects/air-pollution-levels/data/laqn/optimased/2023_feb/WM0_NO2_2023-02-01_2023-02-28.csv,648,7,1.08
EN5_PM10_2023-02-01_2023-02-28.csv,/Users/burdzhuchaglayan/Desktop/data science projects/air-pollution-levels/data/laqn/optimased/2023_feb/EN5_PM10_2023-02-01_2023-02-28.csv,648,8,1.23
HK6_PM2.5_2023-02-01_2023-02-28.csv,/Users/burdzhuchaglayan/Desktop/data science projects/air-pollution-levels/data/laqn/optimased/2023_feb/HK6_PM2.5_2023-02-01_2023-02-28.csv,648,2,0.31
HV1_PM10_2023-02-01_2023-02-28.csv,/Users/burdzhuchaglayan/Desktop/data science projects/air-pollution-levels/data/laqn/optimased/2023_feb/HV1_PM10_2023-02-01_2023-02-28.csv,648,20,3.09
LB5_SO2_2023-02-01_2023-02-28.csv,/Users/burdzhuchaglayan/Desktop/data science projects/air-pollution-levels/data/laqn/optimased/2023_feb/LB5_SO2_2023-02-01_2023-02-28.csv,648,3,0.46
LB5_PM10_2023-02-01_2023-02-28.csv,/Users/burdzhuchaglayan/Desktop/data science projects/air-pollution-levels/data/laqn/optimased/2023_feb/LB5_PM10_2023-02-01_2023-02-28.csv,648,12,1.85
HI0_O3_2023-02-01_2023-02-28.csv,/Users/burdzhuchaglayan/Desktop/data science projects/air-pollution-levels/data/laqn/optimased/2023_feb/HI0_O3_2023-02-01_2023-02-28.csv,648,30,4.63
TD5_PM10_2023-02-01_2023-02-28.csv,/Users/burdzhuchaglayan/Desktop/data science projects/air-pollution-levels/data/laqn/optimased/2023_feb/TD5_PM10_2023-02-01_2023-02-28.csv,648,0,0.0
HK6_PM10_2023-02-01_2023-02-28.csv,/Users/burdzhuchaglayan/Desktop/data science projects/air-pollution-levels/data/laqn/optimased/2023_feb/HK6_PM10_2023-02-01_2023-02-28.csv,648,0,0.0
GR4_NO2_2023-02-01_2023-02-28.csv,/Users/burdzhuchaglayan/Desktop/data science projects/air-pollution-levels/data/laqn/optimased/2023_feb/GR4_NO2_2023-02-01_2023-02-28.csv,648,8,1.23
LB5_NO2_2023-02-01_2023-02-28.csv,/Users/burdzhuchaglayan/Desktop/data science projects/air-pollution-levels/data/laqn/optimased/2023_feb/LB5_NO2_2023-02-01_2023-02-28.csv,648,2,0.31
HI0_NO2_2023-02-01_2023-02-28.csv,/Users/burdzhuchaglayan/Desktop/data science projects/air-pollution-levels/data/laqn/optimased/2023_feb/HI0_NO2_2023-02-01_2023-02-28.csv,648,26,4.01
HK6_NO2_2023-02-01_2023-02-28.csv,/Users/burdzhuchaglayan/Desktop/data science projects/air-pollution-levels/data/laqn/optimased/2023_feb/HK6_NO2_2023-02-01_2023-02-28.csv,648,85,13.12
BT4_O3_2023-02-01_2023-02-28.csv,/Users/burdzhuchaglayan/Desktop/data science projects/air-pollution-levels/data/laqn/optimased/2023_feb/BT4_O3_2023-02-01_2023-02-28.csv,648,3,0.46
HI0_PM10_2023-02-01_2023-02-28.csv,/Users/burdzhuchaglayan/Desktop/data science projects/air-pollution-levels/data/laqn/optimased/2023_feb/HI0_PM10_2023-02-01_2023-02-28.csv,648,40,6.17
BL0_O3_2023-02-01_2023-02-28.csv,/Users/burdzhuchaglayan/Desktop/data science projects/air-pollution-levels/data/laqn/optimased/2023_feb/BL0_O3_2023-02-01_2023-02-28.csv,648,1,0.15
BL0_PM2.5_2023-02-01_2023-02-28.csv,/Users/burdzhuchaglayan/Desktop/data science projects/air-pollution-levels/data/laqn/optimased/2023_feb/BL0_PM2.5_2023-02-01_2023-02-28.csv,648,0,0.0
WM0_PM2.5_2023-02-01_2023-02-28.csv,/Users/burdzhuchaglayan/Desktop/data science projects/air-pollution-levels/data/laqn/optimased/2023_feb/WM0_PM2.5_2023-02-01_2023-02-28.csv,648,2,0.31
WM6_PM2.5_2024-03-01_2024-03-31.csv,/Users/burdzhuchaglayan/Desktop/data science projects/air-pollution-levels/data/laqn/optimased/2024_mar/WM6_PM2.5_2024-03-01_2024-03-31.csv,720,2,0.28
WM5_PM2.5_2024-03-01_2024-03-31.csv,/Users/burdzhuchaglayan/Desktop/data science projects/air-pollution-levels/data/laqn/optimased/2024_mar/WM5_PM2.5_2024-03-01_2024-03-31.csv,720,111,15.42
ME2_PM10_2024-03-01_2024-03-31.csv,/Users/burdzhuchaglayan/Desktop/data science projects/air-pollution-levels/data/laqn/optimased/2024_mar/ME2_PM10_2024-03-01_2024-03-31.csv,720,4,0.56
WA9_NO2_2024-03-01_2024-03-31.csv,/Users/burdzhuchaglayan/Desktop/data science projects/air-pollution-levels/data/laqn/optimased/2024_mar/WA9_NO2_2024-03-01_2024-03-31.csv,720,103,14.31
WM0_NO2_2023-08-01_2023-08-31.csv,/Users/burdzhuchaglayan/Desktop/data science projects/air-pollution-levels/data/laqn/optimased/2023_aug/WM0_NO2_2023-08-01_2023-08-31.csv,720,40,5.56
HV1_PM2.5_2023-08-01_2023-08-31.csv,/Users/burdzhuchaglayan/Desktop/data science projects/air-pollution-levels/data/laqn/optimased/2023_aug/HV1_PM2.5_2023-08-01_2023-08-31.csv,720,8,1.11
HV1_PM10_2023-08-01_2023-08-31.csv,/Users/burdzhuchaglayan/Desktop/data science projects/air-pollution-levels/data/laqn/optimased/2023_aug/HV1_PM10_2023-08-01_2023-08-31.csv,720,8,1.11
WAC_NO2_2024-07-01_2024-07-31.csv,/Users/burdzhuchaglayan/Desktop/data science projects/air-pollution-levels/data/laqn/optimased/2024_jul/WAC_NO2_2024-07-01_2024-07-31.csv,720,133,18.47
WM5_PM2.5_2024-07-01_2024-07-31.csv,/Users/burdzhuchaglayan/Desktop/data science projects/air-pollution-levels/data/laqn/optimased/2024_jul/WM5_PM2.5_2024-07-01_2024-07-31.csv,720,35,4.86
WM6_PM2.5_2024-07-01_2024-07-31.csv,/Users/burdzhuchaglayan/Desktop/data science projects/air-pollution-levels/data/laqn/optimased/2024_jul/WM6_PM2.5_2024-07-01_2024-07-31.csv,720,53,7.36
WA9_NO2_2024-07-01_2024-07-31.csv,/Users/burdzhuchaglayan/Desktop/data science projects/air-pollution-levels/data/laqn/optimased/2024_jul/WA9_NO2_2024-07-01_2024-07-31.csv,720,0,0.0
ME2_PM10_2024-07-01_2024-07-31.csv,/Users/burdzhuchaglayan/Desktop/data science projects/air-pollution-levels/data/laqn/optimased/2024_jul/ME2_PM10_2024-07-01_2024-07-31.csv,720,110,15.28
ME2_NO2_2025-07-01_2025-07-31.csv,/Users/burdzhuchaglayan/Desktop/data science projects/air-pollution-levels/data/laqn/optimased/2025_jul/ME2_NO2_2025-07-01_2025-07-31.csv,720,114,15.83
WAA_PM2.5_2025-07-01_2025-07-31.csv,/Users/burdzhuchaglayan/Desktop/data science projects/air-pollution-levels/data/laqn/optimased/2025_jul/WAA_PM2.5_2025-07-01_2025-07-31.csv,720,40,5.56
BL0_O3_2025-07-01_2025-07-31.csv,/Users/burdzhuchaglayan/Desktop/data science projects/air-pollution-levels/data/laqn/optimased/2025_jul/BL0_O3_2025-07-01_2025-07-31.csv,720,31,4.31
WAC_NO2_2025-07-01_2025-07-31.csv,/Users/burdzhuchaglayan/Desktop/data science projects/air-pollution-levels/data/laqn/optimased/2025_jul/WAC_NO2_2025-07-01_2025-07-31.csv,720,2,0.28
WM5_PM2.5_2025-07-01_2025-07-31.csv,/Users/burdzhuchaglayan/Desktop/data science projects/air-pollution-levels/data/laqn/optimased/2025_jul/WM5_PM2.5_2025-07-01_2025-07-31.csv,720,3,0.42
BL0_PM2.5_2025-07-01_2025-07-31.csv,/Users/burdzhuchaglayan/Desktop/data science projects/air-pollution-levels/data/laqn/optimased/2025_jul/BL0_PM2.5_2025-07-01_2025-07-31.csv,720,7,0.97
GT1_NO2_2025-07-01_2025-07-31.csv,/Users/burdzhuchaglayan/Desktop/data science projects/air-pollution-levels/data/laqn/optimased/2025_jul/GT1_NO2_2025-07-01_2025-07-31.csv,720,57,7.92
TH6_NO2_2025-07-01_2025-07-31.csv,/Users/burdzhuchaglayan/Desktop/data science projects/air-pollution-levels/data/laqn/optimased/2025_jul/TH6_NO2_2025-07-01_2025-07-31.csv,720,1,0.14
ME2_PM2.5_2025-07-01_2025-07-31.csv,/Users/burdzhuchaglayan/Desktop/data science projects/air-pollution-levels/data/laqn/optimased/2025_jul/ME2_PM2.5_2025-07-01_2025-07-31.csv,720,1,0.14
RHI_PM2.5_2025-07-01_2025-07-31.csv,/Users/burdzhuchaglayan/Desktop/data science projects/air-pollution-levels/data/laqn/optimased/2025_jul/RHI_PM2.5_2025-07-01_2025-07-31.csv,720,28,3.89
TH7_PM2.5_2025-07-01_2025-07-31.csv,/Users/burdzhuchaglayan/Desktop/data science projects/air-pollution-levels/data/laqn/optimased/2025_jul/TH7_PM2.5_2025-07-01_2025-07-31.csv,720,47,6.53
IS2_PM2.5_2025-07-01_2025-07-31.csv,/Users/burdzhuchaglayan/Desktop/data science projects/air-pollution-levels/data/laqn/optimased/2025_jul/IS2_PM2.5_2025-07-01_2025-07-31.csv,720,5,0.69
WM6_PM2.5_2025-07-01_2025-07-31.csv,/Users/burdzhuchaglayan/Desktop/data science projects/air-pollution-levels/data/laqn/optimased/2025_jul/WM6_PM2.5_2025-07-01_2025-07-31.csv,720,1,0.14
TH5_PM10_2025-07-01_2025-07-31.csv,/Users/burdzhuchaglayan/Desktop/data science projects/air-pollution-levels/data/laqn/optimased/2025_jul/TH5_PM10_2025-07-01_2025-07-31.csv,720,26,3.61
TH2_PM2.5_2025-07-01_2025-07-31.csv,/Users/burdzhuchaglayan/Desktop/data science projects/air-pollution-levels/data/laqn/optimased/2025_jul/TH2_PM2.5_2025-07-01_2025-07-31.csv,720,13,1.81
EN5_PM2.5_2025-07-01_2025-07-31.csv,/Users/burdzhuchaglayan/Desktop/data science projects/air-pollution-levels/data/laqn/optimased/2025_jul/EN5_PM2.5_2025-07-01_2025-07-31.csv,720,46,6.39
TH7_NO2_2025-07-01_2025-07-31.csv,/Users/burdzhuchaglayan/Desktop/data science projects/air-pollution-levels/data/laqn/optimased/2025_jul/TH7_NO2_2025-07-01_2025-07-31.csv,720,1,0.14
RHI_NO2_2025-07-01_2025-07-31.csv,/Users/burdzhuchaglayan/Desktop/data science projects/air-pollution-levels/data/laqn/optimased/2025_jul/RHI_NO2_2025-07-01_2025-07-31.csv,720,3,0.42
IS6_PM2.5_2025-07-01_2025-07-31.csv,/Users/burdzhuchaglayan/Desktop/data science projects/air-pollution-levels/data/laqn/optimased/2025_jul/IS6_PM2.5_2025-07-01_2025-07-31.csv,720,1,0.14
MEA_PM2.5_2025-07-01_2025-07-31.csv,/Users/burdzhuchaglayan/Desktop/data science projects/air-pollution-levels/data/laqn/optimased/2025_jul/MEA_PM2.5_2025-07-01_2025-07-31.csv,720,1,0.14
WA9_NO2_2025-07-01_2025-07-31.csv,/Users/burdzhuchaglayan/Desktop/data science projects/air-pollution-levels/data/laqn/optimased/2025_jul/WA9_NO2_2025-07-01_2025-07-31.csv,720,1,0.14
TH6_PM10_2025-07-01_2025-07-31.csv,/Users/burdzhuchaglayan/Desktop/data science projects/air-pollution-levels/data/laqn/optimased/2025_jul/TH6_PM10_2025-07-01_2025-07-31.csv,720,12,1.67
WA7_PM2.5_2025-07-01_2025-07-31.csv,/Users/burdzhuchaglayan/Desktop/data science projects/air-pollution-levels/data/laqn/optimased/2025_jul/WA7_PM2.5_2025-07-01_2025-07-31.csv,720,22,3.06
WME_O3_2025-07-01_2025-07-31.csv,/Users/burdzhuchaglayan/Desktop/data science projects/air-pollution-levels/data/laqn/optimased/2025_jul/WME_O3_2025-07-01_2025-07-31.csv,720,86,11.94
RHI_PM10_2025-07-01_2025-07-31.csv,/Users/burdzhuchaglayan/Desktop/data science projects/air-pollution-levels/data/laqn/optimased/2025_jul/RHI_PM10_2025-07-01_2025-07-31.csv,720,2,0.28
ME2_PM10_2025-07-01_2025-07-31.csv,/Users/burdzhuchaglayan/Desktop/data science projects/air-pollution-levels/data/laqn/optimased/2025_jul/ME2_PM10_2025-07-01_2025-07-31.csv,720,1,0.14
MEA_NO2_2025-07-01_2025-07-31.csv,/Users/burdzhuchaglayan/Desktop/data science projects/air-pollution-levels/data/laqn/optimased/2025_jul/MEA_NO2_2025-07-01_2025-07-31.csv,720,1,0.14
BL0_SO2_2025-07-01_2025-07-31.csv,/Users/burdzhuchaglayan/Desktop/data science projects/air-pollution-levels/data/laqn/optimased/2025_jul/BL0_SO2_2025-07-01_2025-07-31.csv,720,50,6.94
TH5_NO2_2025-07-01_2025-07-31.csv,/Users/burdzhuchaglayan/Desktop/data science projects/air-pollution-levels/data/laqn/optimased/2025_jul/TH5_NO2_2025-07-01_2025-07-31.csv,720,0,0.0
BL0_NO2_2025-07-01_2025-07-31.csv,/Users/burdzhuchaglayan/Desktop/data science projects/air-pollution-levels/data/laqn/optimased/2025_jul/BL0_NO2_2025-07-01_2025-07-31.csv,720,33,4.58
MEB_PM2.5_2025-07-01_2025-07-31.csv,/Users/burdzhuchaglayan/Desktop/data science projects/air-pollution-levels/data/laqn/optimased/2025_jul/MEB_PM2.5_2025-07-01_2025-07-31.csv,720,29,4.03
MEB_PM10_2025-07-01_2025-07-31.csv,/Users/burdzhuchaglayan/Desktop/data science projects/air-pollution-levels/data/laqn/optimased/2025_jul/MEB_PM10_2025-07-01_2025-07-31.csv,720,11,1.53
BL0_PM10_2025-07-01_2025-07-31.csv,/Users/burdzhuchaglayan/Desktop/data science projects/air-pollution-levels/data/laqn/optimased/2025_jul/BL0_PM10_2025-07-01_2025-07-31.csv,720,7,0.97
EN5_PM10_2025-07-01_2025-07-31.csv,/Users/burdzhuchaglayan/Desktop/data science projects/air-pollution-levels/data/laqn/optimased/2025_jul/EN5_PM10_2025-07-01_2025-07-31.csv,720,46,6.39
TH5_PM2.5_2025-07-01_2025-07-31.csv,/Users/burdzhuchaglayan/Desktop/data science projects/air-pollution-levels/data/laqn/optimased/2025_jul/TH5_PM2.5_2025-07-01_2025-07-31.csv,720,2,0.28
WM6_PM2.5_2024-10-01_2024-10-31.csv,/Users/burdzhuchaglayan/Desktop/data science projects/air-pollution-levels/data/laqn/optimased/2024_oct/WM6_PM2.5_2024-10-01_2024-10-31.csv,720,2,0.28
WAA_PM2.5_2024-10-01_2024-10-31.csv,/Users/burdzhuchaglayan/Desktop/data science projects/air-pollution-levels/data/laqn/optimased/2024_oct/WAA_PM2.5_2024-10-01_2024-10-31.csv,720,137,19.03
WM5_PM2.5_2024-10-01_2024-10-31.csv,/Users/burdzhuchaglayan/Desktop/data science projects/air-pollution-levels/data/laqn/optimased/2024_oct/WM5_PM2.5_2024-10-01_2024-10-31.csv,720,1,0.14
WA9_NO2_2024-10-01_2024-10-31.csv,/Users/burdzhuchaglayan/Desktop/data science projects/air-pollution-levels/data/laqn/optimased/2024_oct/WA9_NO2_2024-10-01_2024-10-31.csv,720,0,0.0
IS2_PM2.5_2025-10-01_2025-10-31.csv,/Users/burdzhuchaglayan/Desktop/data science projects/air-pollution-levels/data/laqn/optimased/2025_oct/IS2_PM2.5_2025-10-01_2025-10-31.csv,720,13,1.81
WM6_PM2.5_2025-10-01_2025-10-31.csv,/Users/burdzhuchaglayan/Desktop/data science projects/air-pollution-levels/data/laqn/optimased/2025_oct/WM6_PM2.5_2025-10-01_2025-10-31.csv,720,3,0.42
TH5_PM10_2025-10-01_2025-10-31.csv,/Users/burdzhuchaglayan/Desktop/data science projects/air-pollution-levels/data/laqn/optimased/2025_oct/TH5_PM10_2025-10-01_2025-10-31.csv,720,17,2.36
TH7_PM2.5_2025-10-01_2025-10-31.csv,/Users/burdzhuchaglayan/Desktop/data science projects/air-pollution-levels/data/laqn/optimased/2025_oct/TH7_PM2.5_2025-10-01_2025-10-31.csv,720,3,0.42
TH2_PM2.5_2025-10-01_2025-10-31.csv,/Users/burdzhuchaglayan/Desktop/data science projects/air-pollution-levels/data/laqn/optimased/2025_oct/TH2_PM2.5_2025-10-01_2025-10-31.csv,720,9,1.25
GT1_PM10_2025-10-01_2025-10-31.csv,/Users/burdzhuchaglayan/Desktop/data science projects/air-pollution-levels/data/laqn/optimased/2025_oct/GT1_PM10_2025-10-01_2025-10-31.csv,720,7,0.97
TH7_NO2_2025-10-01_2025-10-31.csv,/Users/burdzhuchaglayan/Desktop/data science projects/air-pollution-levels/data/laqn/optimased/2025_oct/TH7_NO2_2025-10-01_2025-10-31.csv,720,1,0.14
RHI_NO2_2025-10-01_2025-10-31.csv,/Users/burdzhuchaglayan/Desktop/data science projects/air-pollution-levels/data/laqn/optimased/2025_oct/RHI_NO2_2025-10-01_2025-10-31.csv,720,1,0.14
WAB_PM2.5_2025-10-01_2025-10-31.csv,/Users/burdzhuchaglayan/Desktop/data science projects/air-pollution-levels/data/laqn/optimased/2025_oct/WAB_PM2.5_2025-10-01_2025-10-31.csv,720,109,15.14
WAA_PM2.5_2025-10-01_2025-10-31.csv,/Users/burdzhuchaglayan/Desktop/data science projects/air-pollution-levels/data/laqn/optimased/2025_oct/WAA_PM2.5_2025-10-01_2025-10-31.csv,720,1,0.14
BL0_O3_2025-10-01_2025-10-31.csv,/Users/burdzhuchaglayan/Desktop/data science projects/air-pollution-levels/data/laqn/optimased/2025_oct/BL0_O3_2025-10-01_2025-10-31.csv,720,4,0.56
RI2_PM2.5_2025-10-01_2025-10-31.csv,/Users/burdzhuchaglayan/Desktop/data science projects/air-pollution-levels/data/laqn/optimased/2025_oct/RI2_PM2.5_2025-10-01_2025-10-31.csv,720,0,0.0
ME2_NO2_2025-10-01_2025-10-31.csv,/Users/burdzhuchaglayan/Desktop/data science projects/air-pollution-levels/data/laqn/optimased/2025_oct/ME2_NO2_2025-10-01_2025-10-31.csv,720,7,0.97
WM5_PM2.5_2025-10-01_2025-10-31.csv,/Users/burdzhuchaglayan/Desktop/data science projects/air-pollution-levels/data/laqn/optimased/2025_oct/WM5_PM2.5_2025-10-01_2025-10-31.csv,720,4,0.56
BL0_PM2.5_2025-10-01_2025-10-31.csv,/Users/burdzhuchaglayan/Desktop/data science projects/air-pollution-levels/data/laqn/optimased/2025_oct/BL0_PM2.5_2025-10-01_2025-10-31.csv,720,0,0.0
WAC_NO2_2025-10-01_2025-10-31.csv,/Users/burdzhuchaglayan/Desktop/data science projects/air-pollution-levels/data/laqn/optimased/2025_oct/WAC_NO2_2025-10-01_2025-10-31.csv,720,5,0.69
TH6_NO2_2025-10-01_2025-10-31.csv,/Users/burdzhuchaglayan/Desktop/data science projects/air-pollution-levels/data/laqn/optimased/2025_oct/TH6_NO2_2025-10-01_2025-10-31.csv,720,83,11.53
ME2_PM2.5_2025-10-01_2025-10-31.csv,/Users/burdzhuchaglayan/Desktop/data science projects/air-pollution-levels/data/laqn/optimased/2025_oct/ME2_PM2.5_2025-10-01_2025-10-31.csv,720,2,0.28
RHI_PM2.5_2025-10-01_2025-10-31.csv,/Users/burdzhuchaglayan/Desktop/data science projects/air-pollution-levels/data/laqn/optimased/2025_oct/RHI_PM2.5_2025-10-01_2025-10-31.csv,720,92,12.78
GT1_NO2_2025-10-01_2025-10-31.csv,/Users/burdzhuchaglayan/Desktop/data science projects/air-pollution-levels/data/laqn/optimased/2025_oct/GT1_NO2_2025-10-01_2025-10-31.csv,720,6,0.83
ME2_PM10_2025-10-01_2025-10-31.csv,/Users/burdzhuchaglayan/Desktop/data science projects/air-pollution-levels/data/laqn/optimased/2025_oct/ME2_PM10_2025-10-01_2025-10-31.csv,720,1,0.14
TH5_NO2_2025-10-01_2025-10-31.csv,/Users/burdzhuchaglayan/Desktop/data science projects/air-pollution-levels/data/laqn/optimased/2025_oct/TH5_NO2_2025-10-01_2025-10-31.csv,720,0,0.0
MEA_NO2_2025-10-01_2025-10-31.csv,/Users/burdzhuchaglayan/Desktop/data science projects/air-pollution-levels/data/laqn/optimased/2025_oct/MEA_NO2_2025-10-01_2025-10-31.csv,720,1,0.14
BL0_SO2_2025-10-01_2025-10-31.csv,/Users/burdzhuchaglayan/Desktop/data science projects/air-pollution-levels/data/laqn/optimased/2025_oct/BL0_SO2_2025-10-01_2025-10-31.csv,720,3,0.42
MEB_PM10_2025-10-01_2025-10-31.csv,/Users/burdzhuchaglayan/Desktop/data science projects/air-pollution-levels/data/laqn/optimased/2025_oct/MEB_PM10_2025-10-01_2025-10-31.csv,720,125,17.36
BL0_PM10_2025-10-01_2025-10-31.csv,/Users/burdzhuchaglayan/Desktop/data science projects/air-pollution-levels/data/laqn/optimased/2025_oct/BL0_PM10_2025-10-01_2025-10-31.csv,720,0,0.0
WA9_PM2.5_2025-10-01_2025-10-31.csv,/Users/burdzhuchaglayan/Desktop/data science projects/air-pollution-levels/data/laqn/optimased/2025_oct/WA9_PM2.5_2025-10-01_2025-10-31.csv,720,1,0.14
BL0_NO2_2025-10-01_2025-10-31.csv,/Users/burdzhuchaglayan/Desktop/data science projects/air-pollution-levels/data/laqn/optimased/2025_oct/BL0_NO2_2025-10-01_2025-10-31.csv,720,6,0.83
MEB_PM2.5_2025-10-01_2025-10-31.csv,/Users/burdzhuchaglayan/Desktop/data science projects/air-pollution-levels/data/laqn/optimased/2025_oct/MEB_PM2.5_2025-10-01_2025-10-31.csv,720,97,13.47
TH5_PM2.5_2025-10-01_2025-10-31.csv,/Users/burdzhuchaglayan/Desktop/data science projects/air-pollution-levels/data/laqn/optimased/2025_oct/TH5_PM2.5_2025-10-01_2025-10-31.csv,720,1,0.14
WME_PM2.5_2025-10-01_2025-10-31.csv,/Users/burdzhuchaglayan/Desktop/data science projects/air-pollution-levels/data/laqn/optimased/2025_oct/WME_PM2.5_2025-10-01_2025-10-31.csv,720,1,0.14
WA9_NO2_2025-10-01_2025-10-31.csv,/Users/burdzhuchaglayan/Desktop/data science projects/air-pollution-levels/data/laqn/optimased/2025_oct/WA9_NO2_2025-10-01_2025-10-31.csv,720,1,0.14
IS6_PM2.5_2025-10-01_2025-10-31.csv,/Users/burdzhuchaglayan/Desktop/data science projects/air-pollution-levels/data/laqn/optimased/2025_oct/IS6_PM2.5_2025-10-01_2025-10-31.csv,720,10,1.39
MEA_PM2.5_2025-10-01_2025-10-31.csv,/Users/burdzhuchaglayan/Desktop/data science projects/air-pollution-levels/data/laqn/optimased/2025_oct/MEA_PM2.5_2025-10-01_2025-10-31.csv,720,10,1.39
TH6_PM10_2025-10-01_2025-10-31.csv,/Users/burdzhuchaglayan/Desktop/data science projects/air-pollution-levels/data/laqn/optimased/2025_oct/TH6_PM10_2025-10-01_2025-10-31.csv,720,2,0.28
TH6_O3_2025-10-01_2025-10-31.csv,/Users/burdzhuchaglayan/Desktop/data science projects/air-pollution-levels/data/laqn/optimased/2025_oct/TH6_O3_2025-10-01_2025-10-31.csv,720,36,5.0
WAC_PM2.5_2025-10-01_2025-10-31.csv,/Users/burdzhuchaglayan/Desktop/data science projects/air-pollution-levels/data/laqn/optimased/2025_oct/WAC_PM2.5_2025-10-01_2025-10-31.csv,720,34,4.72
RHI_PM10_2025-10-01_2025-10-31.csv,/Users/burdzhuchaglayan/Desktop/data science projects/air-pollution-levels/data/laqn/optimased/2025_oct/RHI_PM10_2025-10-01_2025-10-31.csv,720,131,18.19
WA7_PM2.5_2025-10-01_2025-10-31.csv,/Users/burdzhuchaglayan/Desktop/data science projects/air-pollution-levels/data/laqn/optimased/2025_oct/WA7_PM2.5_2025-10-01_2025-10-31.csv,720,4,0.56
WM0_NO2_2023-01-01_2023-01-31.csv,/Users/burdzhuchaglayan/Desktop/data science projects/air-pollution-levels/data/laqn/optimased/2023_jan/WM0_NO2_2023-01-01_2023-01-31.csv,720,2,0.28
BL0_NO2_2023-01-01_2023-01-31.csv,/Users/burdzhuchaglayan/Desktop/data science projects/air-pollution-levels/data/laqn/optimased/2023_jan/BL0_NO2_2023-01-01_2023-01-31.csv,720,8,1.11
GR4_O3_2023-01-01_2023-01-31.csv,/Users/burdzhuchaglayan/Desktop/data science projects/air-pollution-levels/data/laqn/optimased/2023_jan/GR4_O3_2023-01-01_2023-01-31.csv,720,2,0.28
BL0_PM10_2023-01-01_2023-01-31.csv,/Users/burdzhuchaglayan/Desktop/data science projects/air-pollution-levels/data/laqn/optimased/2023_jan/BL0_PM10_2023-01-01_2023-01-31.csv,720,4,0.56
BL0_SO2_2023-01-01_2023-01-31.csv,/Users/burdzhuchaglayan/Desktop/data science projects/air-pollution-levels/data/laqn/optimased/2023_jan/BL0_SO2_2023-01-01_2023-01-31.csv,720,9,1.25
TD5_PM2.5_2023-01-01_2023-01-31.csv,/Users/burdzhuchaglayan/Desktop/data science projects/air-pollution-levels/data/laqn/optimased/2023_jan/TD5_PM2.5_2023-01-01_2023-01-31.csv,720,1,0.14
HV1_PM2.5_2023-01-01_2023-01-31.csv,/Users/burdzhuchaglayan/Desktop/data science projects/air-pollution-levels/data/laqn/optimased/2023_jan/HV1_PM2.5_2023-01-01_2023-01-31.csv,720,3,0.42
GR4_NO2_2023-01-01_2023-01-31.csv,/Users/burdzhuchaglayan/Desktop/data science projects/air-pollution-levels/data/laqn/optimased/2023_jan/GR4_NO2_2023-01-01_2023-01-31.csv,720,4,0.56
TD5_PM10_2023-01-01_2023-01-31.csv,/Users/burdzhuchaglayan/Desktop/data science projects/air-pollution-levels/data/laqn/optimased/2023_jan/TD5_PM10_2023-01-01_2023-01-31.csv,720,1,0.14
LB5_NO2_2023-01-01_2023-01-31.csv,/Users/burdzhuchaglayan/Desktop/data science projects/air-pollution-levels/data/laqn/optimased/2023_jan/LB5_NO2_2023-01-01_2023-01-31.csv,720,2,0.28
HI0_NO2_2023-01-01_2023-01-31.csv,/Users/burdzhuchaglayan/Desktop/data science projects/air-pollution-levels/data/laqn/optimased/2023_jan/HI0_NO2_2023-01-01_2023-01-31.csv,720,6,0.83
LB5_PM10_2023-01-01_2023-01-31.csv,/Users/burdzhuchaglayan/Desktop/data science projects/air-pollution-levels/data/laqn/optimased/2023_jan/LB5_PM10_2023-01-01_2023-01-31.csv,720,12,1.67
LB5_SO2_2023-01-01_2023-01-31.csv,/Users/burdzhuchaglayan/Desktop/data science projects/air-pollution-levels/data/laqn/optimased/2023_jan/LB5_SO2_2023-01-01_2023-01-31.csv,720,5,0.69
HV1_PM10_2023-01-01_2023-01-31.csv,/Users/burdzhuchaglayan/Desktop/data science projects/air-pollution-levels/data/laqn/optimased/2023_jan/HV1_PM10_2023-01-01_2023-01-31.csv,720,3,0.42
HI0_O3_2023-01-01_2023-01-31.csv,/Users/burdzhuchaglayan/Desktop/data science projects/air-pollution-levels/data/laqn/optimased/2023_jan/HI0_O3_2023-01-01_2023-01-31.csv,720,10,1.39
HK6_PM2.5_2023-01-01_2023-01-31.csv,/Users/burdzhuchaglayan/Desktop/data science projects/air-pollution-levels/data/laqn/optimased/2023_jan/HK6_PM2.5_2023-01-01_2023-01-31.csv,720,7,0.97
HK6_NO2_2023-01-01_2023-01-31.csv,/Users/burdzhuchaglayan/Desktop/data science projects/air-pollution-levels/data/laqn/optimased/2023_jan/HK6_NO2_2023-01-01_2023-01-31.csv,720,3,0.42
BT4_O3_2023-01-01_2023-01-31.csv,/Users/burdzhuchaglayan/Desktop/data science projects/air-pollution-levels/data/laqn/optimased/2023_jan/BT4_O3_2023-01-01_2023-01-31.csv,720,2,0.28
WM0_PM2.5_2023-01-01_2023-01-31.csv,/Users/burdzhuchaglayan/Desktop/data science projects/air-pollution-levels/data/laqn/optimased/2023_jan/WM0_PM2.5_2023-01-01_2023-01-31.csv,720,2,0.28
BL0_PM2.5_2023-01-01_2023-01-31.csv,/Users/burdzhuchaglayan/Desktop/data science projects/air-pollution-levels/data/laqn/optimased/2023_jan/BL0_PM2.5_2023-01-01_2023-01-31.csv,720,53,7.36
HI0_PM10_2023-01-01_2023-01-31.csv,/Users/burdzhuchaglayan/Desktop/data science projects/air-pollution-levels/data/laqn/optimased/2023_jan/HI0_PM10_2023-01-01_2023-01-31.csv,720,2,0.28
BL0_SO2_2023-07-01_2023-07-31.csv,/Users/burdzhuchaglayan/Desktop/data science projects/air-pollution-levels/data/laqn/optimased/2023_jul/BL0_SO2_2023-07-01_2023-07-31.csv,720,9,1.25
LH0_PM10_2023-07-01_2023-07-31.csv,/Users/burdzhuchaglayan/Desktop/data science projects/air-pollution-levels/data/laqn/optimased/2023_jul/LH0_PM10_2023-07-01_2023-07-31.csv,720,2,0.28
HV1_PM2.5_2023-07-01_2023-07-31.csv,/Users/burdzhuchaglayan/Desktop/data science projects/air-pollution-levels/data/laqn/optimased/2023_jul/HV1_PM2.5_2023-07-01_2023-07-31.csv,720,0,0.0
WM0_NO2_2023-07-01_2023-07-31.csv,/Users/burdzhuchaglayan/Desktop/data science projects/air-pollution-levels/data/laqn/optimased/2023_jul/WM0_NO2_2023-07-01_2023-07-31.csv,720,5,0.69
BL0_PM10_2023-07-01_2023-07-31.csv,/Users/burdzhuchaglayan/Desktop/data science projects/air-pollution-levels/data/laqn/optimased/2023_jul/BL0_PM10_2023-07-01_2023-07-31.csv,720,31,4.31
BL0_NO2_2023-07-01_2023-07-31.csv,/Users/burdzhuchaglayan/Desktop/data science projects/air-pollution-levels/data/laqn/optimased/2023_jul/BL0_NO2_2023-07-01_2023-07-31.csv,720,3,0.42
HV1_PM10_2023-07-01_2023-07-31.csv,/Users/burdzhuchaglayan/Desktop/data science projects/air-pollution-levels/data/laqn/optimased/2023_jul/HV1_PM10_2023-07-01_2023-07-31.csv,720,0,0.0
HI0_O3_2023-07-01_2023-07-31.csv,/Users/burdzhuchaglayan/Desktop/data science projects/air-pollution-levels/data/laqn/optimased/2023_jul/HI0_O3_2023-07-01_2023-07-31.csv,720,5,0.69
HI0_NO2_2023-07-01_2023-07-31.csv,/Users/burdzhuchaglayan/Desktop/data science projects/air-pollution-levels/data/laqn/optimased/2023_jul/HI0_NO2_2023-07-01_2023-07-31.csv,720,28,3.89
LH0_O3_2023-07-01_2023-07-31.csv,/Users/burdzhuchaglayan/Desktop/data science projects/air-pollution-levels/data/laqn/optimased/2023_jul/LH0_O3_2023-07-01_2023-07-31.csv,720,4,0.56
LH0_PM2.5_2023-07-01_2023-07-31.csv,/Users/burdzhuchaglayan/Desktop/data science projects/air-pollution-levels/data/laqn/optimased/2023_jul/LH0_PM2.5_2023-07-01_2023-07-31.csv,720,2,0.28
BL0_O3_2023-07-01_2023-07-31.csv,/Users/burdzhuchaglayan/Desktop/data science projects/air-pollution-levels/data/laqn/optimased/2023_jul/BL0_O3_2023-07-01_2023-07-31.csv,720,2,0.28
GR8_PM2.5_2023-07-01_2023-07-31.csv,/Users/burdzhuchaglayan/Desktop/data science projects/air-pollution-levels/data/laqn/optimased/2023_jul/GR8_PM2.5_2023-07-01_2023-07-31.csv,720,0,0.0
BL0_PM2.5_2023-07-01_2023-07-31.csv,/Users/burdzhuchaglayan/Desktop/data science projects/air-pollution-levels/data/laqn/optimased/2023_jul/BL0_PM2.5_2023-07-01_2023-07-31.csv,720,31,4.31
LH0_NO2_2023-07-01_2023-07-31.csv,/Users/burdzhuchaglayan/Desktop/data science projects/air-pollution-levels/data/laqn/optimased/2023_jul/LH0_NO2_2023-07-01_2023-07-31.csv,720,5,0.69
TH6_PM10_2025-09-01_2025-09-30.csv,/Users/burdzhuchaglayan/Desktop/data science projects/air-pollution-levels/data/laqn/optimased/2025_sep/TH6_PM10_2025-09-01_2025-09-30.csv,696,1,0.14
WA9_NO2_2025-09-01_2025-09-30.csv,/Users/burdzhuchaglayan/Desktop/data science projects/air-pollution-levels/data/laqn/optimased/2025_sep/WA9_NO2_2025-09-01_2025-09-30.csv,696,3,0.43
IS6_PM2.5_2025-09-01_2025-09-30.csv,/Users/burdzhuchaglayan/Desktop/data science projects/air-pollution-levels/data/laqn/optimased/2025_sep/IS6_PM2.5_2025-09-01_2025-09-30.csv,696,2,0.29
MEA_PM2.5_2025-09-01_2025-09-30.csv,/Users/burdzhuchaglayan/Desktop/data science projects/air-pollution-levels/data/laqn/optimased/2025_sep/MEA_PM2.5_2025-09-01_2025-09-30.csv,696,5,0.72
RHI_PM10_2025-09-01_2025-09-30.csv,/Users/burdzhuchaglayan/Desktop/data science projects/air-pollution-levels/data/laqn/optimased/2025_sep/RHI_PM10_2025-09-01_2025-09-30.csv,696,2,0.29
WA7_PM2.5_2025-09-01_2025-09-30.csv,/Users/burdzhuchaglayan/Desktop/data science projects/air-pollution-levels/data/laqn/optimased/2025_sep/WA7_PM2.5_2025-09-01_2025-09-30.csv,696,49,7.04
WME_O3_2025-09-01_2025-09-30.csv,/Users/burdzhuchaglayan/Desktop/data science projects/air-pollution-levels/data/laqn/optimased/2025_sep/WME_O3_2025-09-01_2025-09-30.csv,696,4,0.57
TH6_O3_2025-09-01_2025-09-30.csv,/Users/burdzhuchaglayan/Desktop/data science projects/air-pollution-levels/data/laqn/optimased/2025_sep/TH6_O3_2025-09-01_2025-09-30.csv,696,99,14.22
WAC_PM2.5_2025-09-01_2025-09-30.csv,/Users/burdzhuchaglayan/Desktop/data science projects/air-pollution-levels/data/laqn/optimased/2025_sep/WAC_PM2.5_2025-09-01_2025-09-30.csv,696,93,13.36
TH5_NO2_2025-09-01_2025-09-30.csv,/Users/burdzhuchaglayan/Desktop/data science projects/air-pollution-levels/data/laqn/optimased/2025_sep/TH5_NO2_2025-09-01_2025-09-30.csv,696,1,0.14
MEA_NO2_2025-09-01_2025-09-30.csv,/Users/burdzhuchaglayan/Desktop/data science projects/air-pollution-levels/data/laqn/optimased/2025_sep/MEA_NO2_2025-09-01_2025-09-30.csv,696,3,0.43
BL0_SO2_2025-09-01_2025-09-30.csv,/Users/burdzhuchaglayan/Desktop/data science projects/air-pollution-levels/data/laqn/optimased/2025_sep/BL0_SO2_2025-09-01_2025-09-30.csv,696,2,0.29
ME2_PM10_2025-09-01_2025-09-30.csv,/Users/burdzhuchaglayan/Desktop/data science projects/air-pollution-levels/data/laqn/optimased/2025_sep/ME2_PM10_2025-09-01_2025-09-30.csv,696,0,0.0
TH5_PM2.5_2025-09-01_2025-09-30.csv,/Users/burdzhuchaglayan/Desktop/data science projects/air-pollution-levels/data/laqn/optimased/2025_sep/TH5_PM2.5_2025-09-01_2025-09-30.csv,696,13,1.87
MEB_PM10_2025-09-01_2025-09-30.csv,/Users/burdzhuchaglayan/Desktop/data science projects/air-pollution-levels/data/laqn/optimased/2025_sep/MEB_PM10_2025-09-01_2025-09-30.csv,696,3,0.43
BL0_PM10_2025-09-01_2025-09-30.csv,/Users/burdzhuchaglayan/Desktop/data science projects/air-pollution-levels/data/laqn/optimased/2025_sep/BL0_PM10_2025-09-01_2025-09-30.csv,696,0,0.0
BL0_NO2_2025-09-01_2025-09-30.csv,/Users/burdzhuchaglayan/Desktop/data science projects/air-pollution-levels/data/laqn/optimased/2025_sep/BL0_NO2_2025-09-01_2025-09-30.csv,696,2,0.29
MEB_PM2.5_2025-09-01_2025-09-30.csv,/Users/burdzhuchaglayan/Desktop/data science projects/air-pollution-levels/data/laqn/optimased/2025_sep/MEB_PM2.5_2025-09-01_2025-09-30.csv,696,2,0.29
BL0_O3_2025-09-01_2025-09-30.csv,/Users/burdzhuchaglayan/Desktop/data science projects/air-pollution-levels/data/laqn/optimased/2025_sep/BL0_O3_2025-09-01_2025-09-30.csv,696,1,0.14
WAA_PM2.5_2025-09-01_2025-09-30.csv,/Users/burdzhuchaglayan/Desktop/data science projects/air-pollution-levels/data/laqn/optimased/2025_sep/WAA_PM2.5_2025-09-01_2025-09-30.csv,696,64,9.2
RI2_PM2.5_2025-09-01_2025-09-30.csv,/Users/burdzhuchaglayan/Desktop/data science projects/air-pollution-levels/data/laqn/optimased/2025_sep/RI2_PM2.5_2025-09-01_2025-09-30.csv,696,2,0.29
ME2_NO2_2025-09-01_2025-09-30.csv,/Users/burdzhuchaglayan/Desktop/data science projects/air-pollution-levels/data/laqn/optimased/2025_sep/ME2_NO2_2025-09-01_2025-09-30.csv,696,0,0.0
TH6_NO2_2025-09-01_2025-09-30.csv,/Users/burdzhuchaglayan/Desktop/data science projects/air-pollution-levels/data/laqn/optimased/2025_sep/TH6_NO2_2025-09-01_2025-09-30.csv,696,64,9.2
RHI_PM2.5_2025-09-01_2025-09-30.csv,/Users/burdzhuchaglayan/Desktop/data science projects/air-pollution-levels/data/laqn/optimased/2025_sep/RHI_PM2.5_2025-09-01_2025-09-30.csv,696,92,13.22
ME2_PM2.5_2025-09-01_2025-09-30.csv,/Users/burdzhuchaglayan/Desktop/data science projects/air-pollution-levels/data/laqn/optimased/2025_sep/ME2_PM2.5_2025-09-01_2025-09-30.csv,696,0,0.0
GT1_PM2.5_2025-09-01_2025-09-30.csv,/Users/burdzhuchaglayan/Desktop/data science projects/air-pollution-levels/data/laqn/optimased/2025_sep/GT1_PM2.5_2025-09-01_2025-09-30.csv,696,70,10.06
GT1_NO2_2025-09-01_2025-09-30.csv,/Users/burdzhuchaglayan/Desktop/data science projects/air-pollution-levels/data/laqn/optimased/2025_sep/GT1_NO2_2025-09-01_2025-09-30.csv,696,11,1.58
WM5_PM2.5_2025-09-01_2025-09-30.csv,/Users/burdzhuchaglayan/Desktop/data science projects/air-pollution-levels/data/laqn/optimased/2025_sep/WM5_PM2.5_2025-09-01_2025-09-30.csv,696,2,0.29
BL0_PM2.5_2025-09-01_2025-09-30.csv,/Users/burdzhuchaglayan/Desktop/data science projects/air-pollution-levels/data/laqn/optimased/2025_sep/BL0_PM2.5_2025-09-01_2025-09-30.csv,696,0,0.0
WAC_NO2_2025-09-01_2025-09-30.csv,/Users/burdzhuchaglayan/Desktop/data science projects/air-pollution-levels/data/laqn/optimased/2025_sep/WAC_NO2_2025-09-01_2025-09-30.csv,696,4,0.57
WM6_PM2.5_2025-09-01_2025-09-30.csv,/Users/burdzhuchaglayan/Desktop/data science projects/air-pollution-levels/data/laqn/optimased/2025_sep/WM6_PM2.5_2025-09-01_2025-09-30.csv,696,5,0.72
IS2_PM2.5_2025-09-01_2025-09-30.csv,/Users/burdzhuchaglayan/Desktop/data science projects/air-pollution-levels/data/laqn/optimased/2025_sep/IS2_PM2.5_2025-09-01_2025-09-30.csv,696,88,12.64
TH5_PM10_2025-09-01_2025-09-30.csv,/Users/burdzhuchaglayan/Desktop/data science projects/air-pollution-levels/data/laqn/optimased/2025_sep/TH5_PM10_2025-09-01_2025-09-30.csv,696,68,9.77
TH7_PM2.5_2025-09-01_2025-09-30.csv,/Users/burdzhuchaglayan/Desktop/data science projects/air-pollution-levels/data/laqn/optimased/2025_sep/TH7_PM2.5_2025-09-01_2025-09-30.csv,696,3,0.43
RHI_NO2_2025-09-01_2025-09-30.csv,/Users/burdzhuchaglayan/Desktop/data science projects/air-pollution-levels/data/laqn/optimased/2025_sep/RHI_NO2_2025-09-01_2025-09-30.csv,696,0,0.0
WAB_PM2.5_2025-09-01_2025-09-30.csv,/Users/burdzhuchaglayan/Desktop/data science projects/air-pollution-levels/data/laqn/optimased/2025_sep/WAB_PM2.5_2025-09-01_2025-09-30.csv,696,55,7.9
TH7_NO2_2025-09-01_2025-09-30.csv,/Users/burdzhuchaglayan/Desktop/data science projects/air-pollution-levels/data/laqn/optimased/2025_sep/TH7_NO2_2025-09-01_2025-09-30.csv,696,1,0.14
GT1_PM10_2025-09-01_2025-09-30.csv,/Users/burdzhuchaglayan/Desktop/data science projects/air-pollution-levels/data/laqn/optimased/2025_sep/GT1_PM10_2025-09-01_2025-09-30.csv,696,10,1.44
WA9_NO2_2024-09-01_2024-09-30.csv,/Users/burdzhuchaglayan/Desktop/data science projects/air-pollution-levels/data/laqn/optimased/2024_sep/WA9_NO2_2024-09-01_2024-09-30.csv,696,36,5.17
ME2_PM10_2024-09-01_2024-09-30.csv,/Users/burdzhuchaglayan/Desktop/data science projects/air-pollution-levels/data/laqn/optimased/2024_sep/ME2_PM10_2024-09-01_2024-09-30.csv,696,4,0.57
WAA_PM2.5_2024-09-01_2024-09-30.csv,/Users/burdzhuchaglayan/Desktop/data science projects/air-pollution-levels/data/laqn/optimased/2024_sep/WAA_PM2.5_2024-09-01_2024-09-30.csv,696,0,0.0
WM5_PM2.5_2024-09-01_2024-09-30.csv,/Users/burdzhuchaglayan/Desktop/data science projects/air-pollution-levels/data/laqn/optimased/2024_sep/WM5_PM2.5_2024-09-01_2024-09-30.csv,696,3,0.43
WAC_NO2_2024-09-01_2024-09-30.csv,/Users/burdzhuchaglayan/Desktop/data science projects/air-pollution-levels/data/laqn/optimased/2024_sep/WAC_NO2_2024-09-01_2024-09-30.csv,696,119,17.1
WM6_PM2.5_2024-09-01_2024-09-30.csv,/Users/burdzhuchaglayan/Desktop/data science projects/air-pollution-levels/data/laqn/optimased/2024_sep/WM6_PM2.5_2024-09-01_2024-09-30.csv,696,2,0.29
WM5_PM2.5_2025-01-01_2025-01-31.csv,/Users/burdzhuchaglayan/Desktop/data science projects/air-pollution-levels/data/laqn/optimased/2025_jan/WM5_PM2.5_2025-01-01_2025-01-31.csv,720,6,0.83
WAA_PM2.5_2025-01-01_2025-01-31.csv,/Users/burdzhuchaglayan/Desktop/data science projects/air-pollution-levels/data/laqn/optimased/2025_jan/WAA_PM2.5_2025-01-01_2025-01-31.csv,720,97,13.47
WM6_PM2.5_2025-01-01_2025-01-31.csv,/Users/burdzhuchaglayan/Desktop/data science projects/air-pollution-levels/data/laqn/optimased/2025_jan/WM6_PM2.5_2025-01-01_2025-01-31.csv,720,2,0.28
WA9_NO2_2025-01-01_2025-01-31.csv,/Users/burdzhuchaglayan/Desktop/data science projects/air-pollution-levels/data/laqn/optimased/2025_jan/WA9_NO2_2025-01-01_2025-01-31.csv,720,0,0.0
HV1_PM10_2025-01-01_2025-01-31.csv,/Users/burdzhuchaglayan/Desktop/data science projects/air-pollution-levels/data/laqn/optimased/2025_jan/HV1_PM10_2025-01-01_2025-01-31.csv,720,9,1.25
WM5_PM2.5_2024-12-01_2024-12-31.csv,/Users/burdzhuchaglayan/Desktop/data science projects/air-pollution-levels/data/laqn/optimased/2024_dec/WM5_PM2.5_2024-12-01_2024-12-31.csv,720,1,0.14
WM6_PM2.5_2024-12-01_2024-12-31.csv,/Users/burdzhuchaglayan/Desktop/data science projects/air-pollution-levels/data/laqn/optimased/2024_dec/WM6_PM2.5_2024-12-01_2024-12-31.csv,720,1,0.14
WAC_PM2.5_2024-12-01_2024-12-31.csv,/Users/burdzhuchaglayan/Desktop/data science projects/air-pollution-levels/data/laqn/optimased/2024_dec/WAC_PM2.5_2024-12-01_2024-12-31.csv,720,7,0.97
WA9_NO2_2024-12-01_2024-12-31.csv,/Users/burdzhuchaglayan/Desktop/data science projects/air-pollution-levels/data/laqn/optimased/2024_dec/WA9_NO2_2024-12-01_2024-12-31.csv,720,4,0.56
WA9_PM2.5_2024-12-01_2024-12-31.csv,/Users/burdzhuchaglayan/Desktop/data science projects/air-pollution-levels/data/laqn/optimased/2024_dec/WA9_PM2.5_2024-12-01_2024-12-31.csv,720,1,0.14
ME2_PM10_2024-12-01_2024-12-31.csv,/Users/burdzhuchaglayan/Desktop/data science projects/air-pollution-levels/data/laqn/optimased/2024_dec/ME2_PM10_2024-12-01_2024-12-31.csv,720,19,2.64
ME2_PM10_2024-04-01_2024-04-30.csv,/Users/burdzhuchaglayan/Desktop/data science projects/air-pollution-levels/data/laqn/optimased/2024_apr/ME2_PM10_2024-04-01_2024-04-30.csv,696,2,0.29
WA9_NO2_2024-04-01_2024-04-30.csv,/Users/burdzhuchaglayan/Desktop/data science projects/air-pollution-levels/data/laqn/optimased/2024_apr/WA9_NO2_2024-04-01_2024-04-30.csv,696,1,0.14
WM6_PM2.5_2024-04-01_2024-04-30.csv,/Users/burdzhuchaglayan/Desktop/data science projects/air-pollution-levels/data/laqn/optimased/2024_apr/WM6_PM2.5_2024-04-01_2024-04-30.csv,696,6,0.86
WM5_PM2.5_2024-04-01_2024-04-30.csv,/Users/burdzhuchaglayan/Desktop/data science projects/air-pollution-levels/data/laqn/optimased/2024_apr/WM5_PM2.5_2024-04-01_2024-04-30.csv,696,8,1.15
WA9_NO2_2024-11-01_2024-11-30.csv,/Users/burdzhuchaglayan/Desktop/data science projects/air-pollution-levels/data/laqn/optimased/2024_nov/WA9_NO2_2024-11-01_2024-11-30.csv,696,5,0.72
WM6_PM2.5_2024-11-01_2024-11-30.csv,/Users/burdzhuchaglayan/Desktop/data science projects/air-pollution-levels/data/laqn/optimased/2024_nov/WM6_PM2.5_2024-11-01_2024-11-30.csv,696,2,0.29
WM5_PM2.5_2024-11-01_2024-11-30.csv,/Users/burdzhuchaglayan/Desktop/data science projects/air-pollution-levels/data/laqn/optimased/2024_nov/WM5_PM2.5_2024-11-01_2024-11-30.csv,696,12,1.72
WAA_PM2.5_2024-11-01_2024-11-30.csv,/Users/burdzhuchaglayan/Desktop/data science projects/air-pollution-levels/data/laqn/optimased/2024_nov/WAA_PM2.5_2024-11-01_2024-11-30.csv,696,1,0.14
LB5_NO2_2023-05-01_2023-05-31.csv,/Users/burdzhuchaglayan/Desktop/data science projects/air-pollution-levels/data/laqn/optimased/2023_may/LB5_NO2_2023-05-01_2023-05-31.csv,720,7,0.97
GR4_NO2_2023-05-01_2023-05-31.csv,/Users/burdzhuchaglayan/Desktop/data science projects/air-pollution-levels/data/laqn/optimased/2023_may/GR4_NO2_2023-05-01_2023-05-31.csv,720,11,1.53
HV1_PM10_2023-05-01_2023-05-31.csv,/Users/burdzhuchaglayan/Desktop/data science projects/air-pollution-levels/data/laqn/optimased/2023_may/HV1_PM10_2023-05-01_2023-05-31.csv,720,0,0.0
LB5_SO2_2023-05-01_2023-05-31.csv,/Users/burdzhuchaglayan/Desktop/data science projects/air-pollution-levels/data/laqn/optimased/2023_may/LB5_SO2_2023-05-01_2023-05-31.csv,720,6,0.83
LB5_PM10_2023-05-01_2023-05-31.csv,/Users/burdzhuchaglayan/Desktop/data science projects/air-pollution-levels/data/laqn/optimased/2023_may/LB5_PM10_2023-05-01_2023-05-31.csv,720,98,13.61
BL0_PM10_2023-05-01_2023-05-31.csv,/Users/burdzhuchaglayan/Desktop/data science projects/air-pollution-levels/data/laqn/optimased/2023_may/BL0_PM10_2023-05-01_2023-05-31.csv,720,2,0.28
GR4_O3_2023-05-01_2023-05-31.csv,/Users/burdzhuchaglayan/Desktop/data science projects/air-pollution-levels/data/laqn/optimased/2023_may/GR4_O3_2023-05-01_2023-05-31.csv,720,122,16.94
BL0_NO2_2023-05-01_2023-05-31.csv,/Users/burdzhuchaglayan/Desktop/data science projects/air-pollution-levels/data/laqn/optimased/2023_may/BL0_NO2_2023-05-01_2023-05-31.csv,720,2,0.28
WM0_NO2_2023-05-01_2023-05-31.csv,/Users/burdzhuchaglayan/Desktop/data science projects/air-pollution-levels/data/laqn/optimased/2023_may/WM0_NO2_2023-05-01_2023-05-31.csv,720,0,0.0
HV1_PM2.5_2023-05-01_2023-05-31.csv,/Users/burdzhuchaglayan/Desktop/data science projects/air-pollution-levels/data/laqn/optimased/2023_may/HV1_PM2.5_2023-05-01_2023-05-31.csv,720,0,0.0
BL0_SO2_2023-05-01_2023-05-31.csv,/Users/burdzhuchaglayan/Desktop/data science projects/air-pollution-levels/data/laqn/optimased/2023_may/BL0_SO2_2023-05-01_2023-05-31.csv,720,1,0.14
BL0_PM2.5_2023-05-01_2023-05-31.csv,/Users/burdzhuchaglayan/Desktop/data science projects/air-pollution-levels/data/laqn/optimased/2023_may/BL0_PM2.5_2023-05-01_2023-05-31.csv,720,2,0.28
BL0_O3_2023-05-01_2023-05-31.csv,/Users/burdzhuchaglayan/Desktop/data science projects/air-pollution-levels/data/laqn/optimased/2023_may/BL0_O3_2023-05-01_2023-05-31.csv,720,0,0.0
WME_PM2.5_2025-11-01_2025-11-19.csv,/Users/burdzhuchaglayan/Desktop/data science projects/air-pollution-levels/data/laqn/optimased/2025_nov/WME_PM2.5_2025-11-01_2025-11-19.csv,432,0,0.0
TH5_PM2.5_2025-11-01_2025-11-19.csv,/Users/burdzhuchaglayan/Desktop/data science projects/air-pollution-levels/data/laqn/optimased/2025_nov/TH5_PM2.5_2025-11-01_2025-11-19.csv,432,2,0.46
BL0_NO2_2025-11-01_2025-11-19.csv,/Users/burdzhuchaglayan/Desktop/data science projects/air-pollution-levels/data/laqn/optimased/2025_nov/BL0_NO2_2025-11-01_2025-11-19.csv,432,1,0.23
WA9_PM2.5_2025-11-01_2025-11-19.csv,/Users/burdzhuchaglayan/Desktop/data science projects/air-pollution-levels/data/laqn/optimased/2025_nov/WA9_PM2.5_2025-11-01_2025-11-19.csv,432,24,5.56
MEB_PM2.5_2025-11-01_2025-11-19.csv,/Users/burdzhuchaglayan/Desktop/data science projects/air-pollution-levels/data/laqn/optimased/2025_nov/MEB_PM2.5_2025-11-01_2025-11-19.csv,432,2,0.46
MEB_PM10_2025-11-01_2025-11-19.csv,/Users/burdzhuchaglayan/Desktop/data science projects/air-pollution-levels/data/laqn/optimased/2025_nov/MEB_PM10_2025-11-01_2025-11-19.csv,432,2,0.46
BL0_PM10_2025-11-01_2025-11-19.csv,/Users/burdzhuchaglayan/Desktop/data science projects/air-pollution-levels/data/laqn/optimased/2025_nov/BL0_PM10_2025-11-01_2025-11-19.csv,432,1,0.23
MEA_NO2_2025-11-01_2025-11-19.csv,/Users/burdzhuchaglayan/Desktop/data science projects/air-pollution-levels/data/laqn/optimased/2025_nov/MEA_NO2_2025-11-01_2025-11-19.csv,432,0,0.0
BL0_SO2_2025-11-01_2025-11-19.csv,/Users/burdzhuchaglayan/Desktop/data science projects/air-pollution-levels/data/laqn/optimased/2025_nov/BL0_SO2_2025-11-01_2025-11-19.csv,432,5,1.16
TH5_NO2_2025-11-01_2025-11-19.csv,/Users/burdzhuchaglayan/Desktop/data science projects/air-pollution-levels/data/laqn/optimased/2025_nov/TH5_NO2_2025-11-01_2025-11-19.csv,432,2,0.46
ME2_PM10_2025-11-01_2025-11-19.csv,/Users/burdzhuchaglayan/Desktop/data science projects/air-pollution-levels/data/laqn/optimased/2025_nov/ME2_PM10_2025-11-01_2025-11-19.csv,432,2,0.46
WME_O3_2025-11-01_2025-11-19.csv,/Users/burdzhuchaglayan/Desktop/data science projects/air-pollution-levels/data/laqn/optimased/2025_nov/WME_O3_2025-11-01_2025-11-19.csv,432,0,0.0
WA7_PM2.5_2025-11-01_2025-11-19.csv,/Users/burdzhuchaglayan/Desktop/data science projects/air-pollution-levels/data/laqn/optimased/2025_nov/WA7_PM2.5_2025-11-01_2025-11-19.csv,432,8,1.85
RHI_PM10_2025-11-01_2025-11-19.csv,/Users/burdzhuchaglayan/Desktop/data science projects/air-pollution-levels/data/laqn/optimased/2025_nov/RHI_PM10_2025-11-01_2025-11-19.csv,432,0,0.0
WAC_PM2.5_2025-11-01_2025-11-19.csv,/Users/burdzhuchaglayan/Desktop/data science projects/air-pollution-levels/data/laqn/optimased/2025_nov/WAC_PM2.5_2025-11-01_2025-11-19.csv,432,20,4.63
TH6_O3_2025-11-01_2025-11-19.csv,/Users/burdzhuchaglayan/Desktop/data science projects/air-pollution-levels/data/laqn/optimased/2025_nov/TH6_O3_2025-11-01_2025-11-19.csv,432,11,2.55
TH6_PM10_2025-11-01_2025-11-19.csv,/Users/burdzhuchaglayan/Desktop/data science projects/air-pollution-levels/data/laqn/optimased/2025_nov/TH6_PM10_2025-11-01_2025-11-19.csv,432,1,0.23
IS6_PM2.5_2025-11-01_2025-11-19.csv,/Users/burdzhuchaglayan/Desktop/data science projects/air-pollution-levels/data/laqn/optimased/2025_nov/IS6_PM2.5_2025-11-01_2025-11-19.csv,432,0,0.0
MEA_PM2.5_2025-11-01_2025-11-19.csv,/Users/burdzhuchaglayan/Desktop/data science projects/air-pollution-levels/data/laqn/optimased/2025_nov/MEA_PM2.5_2025-11-01_2025-11-19.csv,432,1,0.23
WA9_NO2_2025-11-01_2025-11-19.csv,/Users/burdzhuchaglayan/Desktop/data science projects/air-pollution-levels/data/laqn/optimased/2025_nov/WA9_NO2_2025-11-01_2025-11-19.csv,432,1,0.23
RHI_NO2_2025-11-01_2025-11-19.csv,/Users/burdzhuchaglayan/Desktop/data science projects/air-pollution-levels/data/laqn/optimased/2025_nov/RHI_NO2_2025-11-01_2025-11-19.csv,432,0,0.0
WAB_PM2.5_2025-11-01_2025-11-19.csv,/Users/burdzhuchaglayan/Desktop/data science projects/air-pollution-levels/data/laqn/optimased/2025_nov/WAB_PM2.5_2025-11-01_2025-11-19.csv,432,1,0.23
TH7_NO2_2025-11-01_2025-11-19.csv,/Users/burdzhuchaglayan/Desktop/data science projects/air-pollution-levels/data/laqn/optimased/2025_nov/TH7_NO2_2025-11-01_2025-11-19.csv,432,0,0.0
GT1_PM10_2025-11-01_2025-11-19.csv,/Users/burdzhuchaglayan/Desktop/data science projects/air-pollution-levels/data/laqn/optimased/2025_nov/GT1_PM10_2025-11-01_2025-11-19.csv,432,0,0.0
TH2_PM2.5_2025-11-01_2025-11-19.csv,/Users/burdzhuchaglayan/Desktop/data science projects/air-pollution-levels/data/laqn/optimased/2025_nov/TH2_PM2.5_2025-11-01_2025-11-19.csv,432,0,0.0
TH7_PM2.5_2025-11-01_2025-11-19.csv,/Users/burdzhuchaglayan/Desktop/data science projects/air-pollution-levels/data/laqn/optimased/2025_nov/TH7_PM2.5_2025-11-01_2025-11-19.csv,432,0,0.0
WM6_PM2.5_2025-11-01_2025-11-19.csv,/Users/burdzhuchaglayan/Desktop/data science projects/air-pollution-levels/data/laqn/optimased/2025_nov/WM6_PM2.5_2025-11-01_2025-11-19.csv,432,0,0.0
IS2_PM2.5_2025-11-01_2025-11-19.csv,/Users/burdzhuchaglayan/Desktop/data science projects/air-pollution-levels/data/laqn/optimased/2025_nov/IS2_PM2.5_2025-11-01_2025-11-19.csv,432,0,0.0
WME_NO2_2025-11-01_2025-11-19.csv,/Users/burdzhuchaglayan/Desktop/data science projects/air-pollution-levels/data/laqn/optimased/2025_nov/WME_NO2_2025-11-01_2025-11-19.csv,432,2,0.46
TH5_PM10_2025-11-01_2025-11-19.csv,/Users/burdzhuchaglayan/Desktop/data science projects/air-pollution-levels/data/laqn/optimased/2025_nov/TH5_PM10_2025-11-01_2025-11-19.csv,432,14,3.24
GT1_PM2.5_2025-11-01_2025-11-19.csv,/Users/burdzhuchaglayan/Desktop/data science projects/air-pollution-levels/data/laqn/optimased/2025_nov/GT1_PM2.5_2025-11-01_2025-11-19.csv,432,39,9.03
GT1_NO2_2025-11-01_2025-11-19.csv,/Users/burdzhuchaglayan/Desktop/data science projects/air-pollution-levels/data/laqn/optimased/2025_nov/GT1_NO2_2025-11-01_2025-11-19.csv,432,0,0.0
TH6_NO2_2025-11-01_2025-11-19.csv,/Users/burdzhuchaglayan/Desktop/data science projects/air-pollution-levels/data/laqn/optimased/2025_nov/TH6_NO2_2025-11-01_2025-11-19.csv,432,5,1.16
RHI_PM2.5_2025-11-01_2025-11-19.csv,/Users/burdzhuchaglayan/Desktop/data science projects/air-pollution-levels/data/laqn/optimased/2025_nov/RHI_PM2.5_2025-11-01_2025-11-19.csv,432,0,0.0
ME2_PM2.5_2025-11-01_2025-11-19.csv,/Users/burdzhuchaglayan/Desktop/data science projects/air-pollution-levels/data/laqn/optimased/2025_nov/ME2_PM2.5_2025-11-01_2025-11-19.csv,432,1,0.23
WAC_NO2_2025-11-01_2025-11-19.csv,/Users/burdzhuchaglayan/Desktop/data science projects/air-pollution-levels/data/laqn/optimased/2025_nov/WAC_NO2_2025-11-01_2025-11-19.csv,432,0,0.0
WM5_PM2.5_2025-11-01_2025-11-19.csv,/Users/burdzhuchaglayan/Desktop/data science projects/air-pollution-levels/data/laqn/optimased/2025_nov/WM5_PM2.5_2025-11-01_2025-11-19.csv,432,0,0.0
BL0_PM2.5_2025-11-01_2025-11-19.csv,/Users/burdzhuchaglayan/Desktop/data science projects/air-pollution-levels/data/laqn/optimased/2025_nov/BL0_PM2.5_2025-11-01_2025-11-19.csv,432,1,0.23
RI2_PM2.5_2025-11-01_2025-11-19.csv,/Users/burdzhuchaglayan/Desktop/data science projects/air-pollution-levels/data/laqn/optimased/2025_nov/RI2_PM2.5_2025-11-01_2025-11-19.csv,432,0,0.0
ME2_NO2_2025-11-01_2025-11-19.csv,/Users/burdzhuchaglayan/Desktop/data science projects/air-pollution-levels/data/laqn/optimased/2025_nov/ME2_NO2_2025-11-01_2025-11-19.csv,432,1,0.23
BL0_O3_2025-11-01_2025-11-19.csv,/Users/burdzhuchaglayan/Desktop/data science projects/air-pollution-levels/data/laqn/optimased/2025_nov/BL0_O3_2025-11-01_2025-11-19.csv,432,1,0.23
WAA_PM2.5_2025-11-01_2025-11-19.csv,/Users/burdzhuchaglayan/Desktop/data science projects/air-pollution-levels/data/laqn/optimased/2025_nov/WAA_PM2.5_2025-11-01_2025-11-19.csv,432,2,0.46
BL0_SO2_2025-04-01_2025-04-30.csv,/Users/burdzhuchaglayan/Desktop/data science projects/air-pollution-levels/data/laqn/optimased/2025_apr/BL0_SO2_2025-04-01_2025-04-30.csv,696,4,0.57
BL0_NO2_2025-04-01_2025-04-30.csv,/Users/burdzhuchaglayan/Desktop/data science projects/air-pollution-levels/data/laqn/optimased/2025_apr/BL0_NO2_2025-04-01_2025-04-30.csv,696,1,0.14
WA9_PM2.5_2025-04-01_2025-04-30.csv,/Users/burdzhuchaglayan/Desktop/data science projects/air-pollution-levels/data/laqn/optimased/2025_apr/WA9_PM2.5_2025-04-01_2025-04-30.csv,696,1,0.14
MEB_PM2.5_2025-04-01_2025-04-30.csv,/Users/burdzhuchaglayan/Desktop/data science projects/air-pollution-levels/data/laqn/optimased/2025_apr/MEB_PM2.5_2025-04-01_2025-04-30.csv,696,75,10.78
MEB_PM10_2025-04-01_2025-04-30.csv,/Users/burdzhuchaglayan/Desktop/data science projects/air-pollution-levels/data/laqn/optimased/2025_apr/MEB_PM10_2025-04-01_2025-04-30.csv,696,28,4.02
BL0_PM10_2025-04-01_2025-04-30.csv,/Users/burdzhuchaglayan/Desktop/data science projects/air-pollution-levels/data/laqn/optimased/2025_apr/BL0_PM10_2025-04-01_2025-04-30.csv,696,0,0.0
TH5_PM2.5_2025-04-01_2025-04-30.csv,/Users/burdzhuchaglayan/Desktop/data science projects/air-pollution-levels/data/laqn/optimased/2025_apr/TH5_PM2.5_2025-04-01_2025-04-30.csv,696,7,1.01
IS6_PM2.5_2025-04-01_2025-04-30.csv,/Users/burdzhuchaglayan/Desktop/data science projects/air-pollution-levels/data/laqn/optimased/2025_apr/IS6_PM2.5_2025-04-01_2025-04-30.csv,696,0,0.0
WA9_NO2_2025-04-01_2025-04-30.csv,/Users/burdzhuchaglayan/Desktop/data science projects/air-pollution-levels/data/laqn/optimased/2025_apr/WA9_NO2_2025-04-01_2025-04-30.csv,696,1,0.14
WAC_PM2.5_2025-04-01_2025-04-30.csv,/Users/burdzhuchaglayan/Desktop/data science projects/air-pollution-levels/data/laqn/optimased/2025_apr/WAC_PM2.5_2025-04-01_2025-04-30.csv,696,3,0.43
WA7_PM2.5_2025-04-01_2025-04-30.csv,/Users/burdzhuchaglayan/Desktop/data science projects/air-pollution-levels/data/laqn/optimased/2025_apr/WA7_PM2.5_2025-04-01_2025-04-30.csv,696,3,0.43
RHI_PM10_2025-04-01_2025-04-30.csv,/Users/burdzhuchaglayan/Desktop/data science projects/air-pollution-levels/data/laqn/optimased/2025_apr/RHI_PM10_2025-04-01_2025-04-30.csv,696,63,9.05
TH7_PM2.5_2025-04-01_2025-04-30.csv,/Users/burdzhuchaglayan/Desktop/data science projects/air-pollution-levels/data/laqn/optimased/2025_apr/TH7_PM2.5_2025-04-01_2025-04-30.csv,696,1,0.14
WM6_PM2.5_2025-04-01_2025-04-30.csv,/Users/burdzhuchaglayan/Desktop/data science projects/air-pollution-levels/data/laqn/optimased/2025_apr/WM6_PM2.5_2025-04-01_2025-04-30.csv,696,42,6.03
IS2_PM2.5_2025-04-01_2025-04-30.csv,/Users/burdzhuchaglayan/Desktop/data science projects/air-pollution-levels/data/laqn/optimased/2025_apr/IS2_PM2.5_2025-04-01_2025-04-30.csv,696,1,0.14
TH2_PM2.5_2025-04-01_2025-04-30.csv,/Users/burdzhuchaglayan/Desktop/data science projects/air-pollution-levels/data/laqn/optimased/2025_apr/TH2_PM2.5_2025-04-01_2025-04-30.csv,696,4,0.57
RHI_NO2_2025-04-01_2025-04-30.csv,/Users/burdzhuchaglayan/Desktop/data science projects/air-pollution-levels/data/laqn/optimased/2025_apr/RHI_NO2_2025-04-01_2025-04-30.csv,696,2,0.29
WAB_PM2.5_2025-04-01_2025-04-30.csv,/Users/burdzhuchaglayan/Desktop/data science projects/air-pollution-levels/data/laqn/optimased/2025_apr/WAB_PM2.5_2025-04-01_2025-04-30.csv,696,1,0.14
BL0_O3_2025-04-01_2025-04-30.csv,/Users/burdzhuchaglayan/Desktop/data science projects/air-pollution-levels/data/laqn/optimased/2025_apr/BL0_O3_2025-04-01_2025-04-30.csv,696,3,0.43
WAA_PM2.5_2025-04-01_2025-04-30.csv,/Users/burdzhuchaglayan/Desktop/data science projects/air-pollution-levels/data/laqn/optimased/2025_apr/WAA_PM2.5_2025-04-01_2025-04-30.csv,696,48,6.9
WAC_NO2_2025-04-01_2025-04-30.csv,/Users/burdzhuchaglayan/Desktop/data science projects/air-pollution-levels/data/laqn/optimased/2025_apr/WAC_NO2_2025-04-01_2025-04-30.csv,696,3,0.43
WM5_PM2.5_2025-04-01_2025-04-30.csv,/Users/burdzhuchaglayan/Desktop/data science projects/air-pollution-levels/data/laqn/optimased/2025_apr/WM5_PM2.5_2025-04-01_2025-04-30.csv,696,4,0.57
BL0_PM2.5_2025-04-01_2025-04-30.csv,/Users/burdzhuchaglayan/Desktop/data science projects/air-pollution-levels/data/laqn/optimased/2025_apr/BL0_PM2.5_2025-04-01_2025-04-30.csv,696,0,0.0
RHI_PM2.5_2025-04-01_2025-04-30.csv,/Users/burdzhuchaglayan/Desktop/data science projects/air-pollution-levels/data/laqn/optimased/2025_apr/RHI_PM2.5_2025-04-01_2025-04-30.csv,696,2,0.29
WM6_PM2.5_2024-05-01_2024-05-31.csv,/Users/burdzhuchaglayan/Desktop/data science projects/air-pollution-levels/data/laqn/optimased/2024_may/WM6_PM2.5_2024-05-01_2024-05-31.csv,720,40,5.56
WAC_NO2_2024-05-01_2024-05-31.csv,/Users/burdzhuchaglayan/Desktop/data science projects/air-pollution-levels/data/laqn/optimased/2024_may/WAC_NO2_2024-05-01_2024-05-31.csv,720,6,0.83
WM5_PM2.5_2024-05-01_2024-05-31.csv,/Users/burdzhuchaglayan/Desktop/data science projects/air-pollution-levels/data/laqn/optimased/2024_may/WM5_PM2.5_2024-05-01_2024-05-31.csv,720,0,0.0
ME2_PM10_2024-05-01_2024-05-31.csv,/Users/burdzhuchaglayan/Desktop/data science projects/air-pollution-levels/data/laqn/optimased/2024_may/ME2_PM10_2024-05-01_2024-05-31.csv,720,112,15.56
WA9_NO2_2024-05-01_2024-05-31.csv,/Users/burdzhuchaglayan/Desktop/data science projects/air-pollution-levels/data/laqn/optimased/2024_may/WA9_NO2_2024-05-01_2024-05-31.csv,720,127,17.64
RHI_NO2_2025-05-01_2025-05-31.csv,/Users/burdzhuchaglayan/Desktop/data science projects/air-pollution-levels/data/laqn/optimased/2025_may/RHI_NO2_2025-05-01_2025-05-31.csv,720,1,0.14
TH7_NO2_2025-05-01_2025-05-31.csv,/Users/burdzhuchaglayan/Desktop/data science projects/air-pollution-levels/data/laqn/optimased/2025_may/TH7_NO2_2025-05-01_2025-05-31.csv,720,1,0.14
TH2_PM2.5_2025-05-01_2025-05-31.csv,/Users/burdzhuchaglayan/Desktop/data science projects/air-pollution-levels/data/laqn/optimased/2025_may/TH2_PM2.5_2025-05-01_2025-05-31.csv,720,83,11.53
EN5_PM2.5_2025-05-01_2025-05-31.csv,/Users/burdzhuchaglayan/Desktop/data science projects/air-pollution-levels/data/laqn/optimased/2025_may/EN5_PM2.5_2025-05-01_2025-05-31.csv,720,14,1.94
TH7_PM2.5_2025-05-01_2025-05-31.csv,/Users/burdzhuchaglayan/Desktop/data science projects/air-pollution-levels/data/laqn/optimased/2025_may/TH7_PM2.5_2025-05-01_2025-05-31.csv,720,7,0.97
TH5_PM10_2025-05-01_2025-05-31.csv,/Users/burdzhuchaglayan/Desktop/data science projects/air-pollution-levels/data/laqn/optimased/2025_may/TH5_PM10_2025-05-01_2025-05-31.csv,720,44,6.11
WM6_PM2.5_2025-05-01_2025-05-31.csv,/Users/burdzhuchaglayan/Desktop/data science projects/air-pollution-levels/data/laqn/optimased/2025_may/WM6_PM2.5_2025-05-01_2025-05-31.csv,720,2,0.28
IS2_PM2.5_2025-05-01_2025-05-31.csv,/Users/burdzhuchaglayan/Desktop/data science projects/air-pollution-levels/data/laqn/optimased/2025_may/IS2_PM2.5_2025-05-01_2025-05-31.csv,720,1,0.14
RHI_PM2.5_2025-05-01_2025-05-31.csv,/Users/burdzhuchaglayan/Desktop/data science projects/air-pollution-levels/data/laqn/optimased/2025_may/RHI_PM2.5_2025-05-01_2025-05-31.csv,720,1,0.14
ME2_PM2.5_2025-05-01_2025-05-31.csv,/Users/burdzhuchaglayan/Desktop/data science projects/air-pollution-levels/data/laqn/optimased/2025_may/ME2_PM2.5_2025-05-01_2025-05-31.csv,720,2,0.28
WAC_NO2_2025-05-01_2025-05-31.csv,/Users/burdzhuchaglayan/Desktop/data science projects/air-pollution-levels/data/laqn/optimased/2025_may/WAC_NO2_2025-05-01_2025-05-31.csv,720,5,0.69
BL0_PM2.5_2025-05-01_2025-05-31.csv,/Users/burdzhuchaglayan/Desktop/data science projects/air-pollution-levels/data/laqn/optimased/2025_may/BL0_PM2.5_2025-05-01_2025-05-31.csv,720,0,0.0
WM5_PM2.5_2025-05-01_2025-05-31.csv,/Users/burdzhuchaglayan/Desktop/data science projects/air-pollution-levels/data/laqn/optimased/2025_may/WM5_PM2.5_2025-05-01_2025-05-31.csv,720,5,0.69
ME2_NO2_2025-05-01_2025-05-31.csv,/Users/burdzhuchaglayan/Desktop/data science projects/air-pollution-levels/data/laqn/optimased/2025_may/ME2_NO2_2025-05-01_2025-05-31.csv,720,1,0.14
BL0_O3_2025-05-01_2025-05-31.csv,/Users/burdzhuchaglayan/Desktop/data science projects/air-pollution-levels/data/laqn/optimased/2025_may/BL0_O3_2025-05-01_2025-05-31.csv,720,0,0.0
WAA_PM2.5_2025-05-01_2025-05-31.csv,/Users/burdzhuchaglayan/Desktop/data science projects/air-pollution-levels/data/laqn/optimased/2025_may/WAA_PM2.5_2025-05-01_2025-05-31.csv,720,8,1.11
TH5_PM2.5_2025-05-01_2025-05-31.csv,/Users/burdzhuchaglayan/Desktop/data science projects/air-pollution-levels/data/laqn/optimased/2025_may/TH5_PM2.5_2025-05-01_2025-05-31.csv,720,4,0.56
EN5_PM10_2025-05-01_2025-05-31.csv,/Users/burdzhuchaglayan/Desktop/data science projects/air-pollution-levels/data/laqn/optimased/2025_may/EN5_PM10_2025-05-01_2025-05-31.csv,720,14,1.94
MEB_PM2.5_2025-05-01_2025-05-31.csv,/Users/burdzhuchaglayan/Desktop/data science projects/air-pollution-levels/data/laqn/optimased/2025_may/MEB_PM2.5_2025-05-01_2025-05-31.csv,720,13,1.81
BL0_NO2_2025-05-01_2025-05-31.csv,/Users/burdzhuchaglayan/Desktop/data science projects/air-pollution-levels/data/laqn/optimased/2025_may/BL0_NO2_2025-05-01_2025-05-31.csv,720,5,0.69
BL0_PM10_2025-05-01_2025-05-31.csv,/Users/burdzhuchaglayan/Desktop/data science projects/air-pollution-levels/data/laqn/optimased/2025_may/BL0_PM10_2025-05-01_2025-05-31.csv,720,0,0.0
MEB_PM10_2025-05-01_2025-05-31.csv,/Users/burdzhuchaglayan/Desktop/data science projects/air-pollution-levels/data/laqn/optimased/2025_may/MEB_PM10_2025-05-01_2025-05-31.csv,720,2,0.28
BL0_SO2_2025-05-01_2025-05-31.csv,/Users/burdzhuchaglayan/Desktop/data science projects/air-pollution-levels/data/laqn/optimased/2025_may/BL0_SO2_2025-05-01_2025-05-31.csv,720,7,0.97
MEA_NO2_2025-05-01_2025-05-31.csv,/Users/burdzhuchaglayan/Desktop/data science projects/air-pollution-levels/data/laqn/optimased/2025_may/MEA_NO2_2025-05-01_2025-05-31.csv,720,37,5.14
TH5_NO2_2025-05-01_2025-05-31.csv,/Users/burdzhuchaglayan/Desktop/data science projects/air-pollution-levels/data/laqn/optimased/2025_may/TH5_NO2_2025-05-01_2025-05-31.csv,720,1,0.14
ME2_PM10_2025-05-01_2025-05-31.csv,/Users/burdzhuchaglayan/Desktop/data science projects/air-pollution-levels/data/laqn/optimased/2025_may/ME2_PM10_2025-05-01_2025-05-31.csv,720,2,0.28
WA7_PM2.5_2025-05-01_2025-05-31.csv,/Users/burdzhuchaglayan/Desktop/data science projects/air-pollution-levels/data/laqn/optimased/2025_may/WA7_PM2.5_2025-05-01_2025-05-31.csv,720,2,0.28
RHI_PM10_2025-05-01_2025-05-31.csv,/Users/burdzhuchaglayan/Desktop/data science projects/air-pollution-levels/data/laqn/optimased/2025_may/RHI_PM10_2025-05-01_2025-05-31.csv,720,1,0.14
WAC_PM2.5_2025-05-01_2025-05-31.csv,/Users/burdzhuchaglayan/Desktop/data science projects/air-pollution-levels/data/laqn/optimased/2025_may/WAC_PM2.5_2025-05-01_2025-05-31.csv,720,15,2.08
MEA_PM2.5_2025-05-01_2025-05-31.csv,/Users/burdzhuchaglayan/Desktop/data science projects/air-pollution-levels/data/laqn/optimased/2025_may/MEA_PM2.5_2025-05-01_2025-05-31.csv,720,1,0.14
IS6_PM2.5_2025-05-01_2025-05-31.csv,/Users/burdzhuchaglayan/Desktop/data science projects/air-pollution-levels/data/laqn/optimased/2025_may/IS6_PM2.5_2025-05-01_2025-05-31.csv,720,2,0.28
WA9_NO2_2025-05-01_2025-05-31.csv,/Users/burdzhuchaglayan/Desktop/data science projects/air-pollution-levels/data/laqn/optimased/2025_may/WA9_NO2_2025-05-01_2025-05-31.csv,720,4,0.56
HV1_PM10_2023-11-01_2023-11-30.csv,/Users/burdzhuchaglayan/Desktop/data science projects/air-pollution-levels/data/laqn/optimased/2023_nov/HV1_PM10_2023-11-01_2023-11-30.csv,696,0,0.0
HV1_PM2.5_2023-11-01_2023-11-30.csv,/Users/burdzhuchaglayan/Desktop/data science projects/air-pollution-levels/data/laqn/optimased/2023_nov/HV1_PM2.5_2023-11-01_2023-11-30.csv,696,1,0.14
BL0_O3_2023-04-01_2023-04-30.csv,/Users/burdzhuchaglayan/Desktop/data science projects/air-pollution-levels/data/laqn/optimased/2023_apr/BL0_O3_2023-04-01_2023-04-30.csv,696,4,0.57
BL0_PM2.5_2023-04-01_2023-04-30.csv,/Users/burdzhuchaglayan/Desktop/data science projects/air-pollution-levels/data/laqn/optimased/2023_apr/BL0_PM2.5_2023-04-01_2023-04-30.csv,696,0,0.0
HV1_PM10_2023-04-01_2023-04-30.csv,/Users/burdzhuchaglayan/Desktop/data science projects/air-pollution-levels/data/laqn/optimased/2023_apr/HV1_PM10_2023-04-01_2023-04-30.csv,696,4,0.57
LB5_SO2_2023-04-01_2023-04-30.csv,/Users/burdzhuchaglayan/Desktop/data science projects/air-pollution-levels/data/laqn/optimased/2023_apr/LB5_SO2_2023-04-01_2023-04-30.csv,696,2,0.29
LB5_PM10_2023-04-01_2023-04-30.csv,/Users/burdzhuchaglayan/Desktop/data science projects/air-pollution-levels/data/laqn/optimased/2023_apr/LB5_PM10_2023-04-01_2023-04-30.csv,696,137,19.68
LB5_NO2_2023-04-01_2023-04-30.csv,/Users/burdzhuchaglayan/Desktop/data science projects/air-pollution-levels/data/laqn/optimased/2023_apr/LB5_NO2_2023-04-01_2023-04-30.csv,696,3,0.43
GR4_NO2_2023-04-01_2023-04-30.csv,/Users/burdzhuchaglayan/Desktop/data science projects/air-pollution-levels/data/laqn/optimased/2023_apr/GR4_NO2_2023-04-01_2023-04-30.csv,696,94,13.51
BL0_SO2_2023-04-01_2023-04-30.csv,/Users/burdzhuchaglayan/Desktop/data science projects/air-pollution-levels/data/laqn/optimased/2023_apr/BL0_SO2_2023-04-01_2023-04-30.csv,696,4,0.57
HV1_PM2.5_2023-04-01_2023-04-30.csv,/Users/burdzhuchaglayan/Desktop/data science projects/air-pollution-levels/data/laqn/optimased/2023_apr/HV1_PM2.5_2023-04-01_2023-04-30.csv,696,4,0.57
EN5_PM10_2023-04-01_2023-04-30.csv,/Users/burdzhuchaglayan/Desktop/data science projects/air-pollution-levels/data/laqn/optimased/2023_apr/EN5_PM10_2023-04-01_2023-04-30.csv,696,2,0.29
WM0_NO2_2023-04-01_2023-04-30.csv,/Users/burdzhuchaglayan/Desktop/data science projects/air-pollution-levels/data/laqn/optimased/2023_apr/WM0_NO2_2023-04-01_2023-04-30.csv,696,0,0.0
BL0_PM10_2023-04-01_2023-04-30.csv,/Users/burdzhuchaglayan/Desktop/data science projects/air-pollution-levels/data/laqn/optimased/2023_apr/BL0_PM10_2023-04-01_2023-04-30.csv,696,0,0.0
GR4_PM2.5_2023-04-01_2023-04-30.csv,/Users/burdzhuchaglayan/Desktop/data science projects/air-pollution-levels/data/laqn/optimased/2023_apr/GR4_PM2.5_2023-04-01_2023-04-30.csv,696,21,3.02
BL0_NO2_2023-04-01_2023-04-30.csv,/Users/burdzhuchaglayan/Desktop/data science projects/air-pollution-levels/data/laqn/optimased/2023_apr/BL0_NO2_2023-04-01_2023-04-30.csv,696,2,0.29
GR4_O3_2023-04-01_2023-04-30.csv,/Users/burdzhuchaglayan/Desktop/data science projects/air-pollution-levels/data/laqn/optimased/2023_apr/GR4_O3_2023-04-01_2023-04-30.csv,696,7,1.01
HV1_PM2.5_2023-12-01_2023-12-31.csv,/Users/burdzhuchaglayan/Desktop/data science projects/air-pollution-levels/data/laqn/optimased/2023_dec/HV1_PM2.5_2023-12-01_2023-12-31.csv,720,11,1.53
HV1_PM10_2023-12-01_2023-12-31.csv,/Users/burdzhuchaglayan/Desktop/data science projects/air-pollution-levels/data/laqn/optimased/2023_dec/HV1_PM10_2023-12-01_2023-12-31.csv,720,11,1.53
WA7_PM2.5_2025-06-01_2025-06-30.csv,/Users/burdzhuchaglayan/Desktop/data science projects/air-pollution-levels/data/laqn/optimased/2025_jun/WA7_PM2.5_2025-06-01_2025-06-30.csv,696,2,0.29
RHI_PM10_2025-06-01_2025-06-30.csv,/Users/burdzhuchaglayan/Desktop/data science projects/air-pollution-levels/data/laqn/optimased/2025_jun/RHI_PM10_2025-06-01_2025-06-30.csv,696,129,18.53
WAC_PM2.5_2025-06-01_2025-06-30.csv,/Users/burdzhuchaglayan/Desktop/data science projects/air-pollution-levels/data/laqn/optimased/2025_jun/WAC_PM2.5_2025-06-01_2025-06-30.csv,696,19,2.73
TH6_O3_2025-06-01_2025-06-30.csv,/Users/burdzhuchaglayan/Desktop/data science projects/air-pollution-levels/data/laqn/optimased/2025_jun/TH6_O3_2025-06-01_2025-06-30.csv,696,65,9.34
MEA_PM2.5_2025-06-01_2025-06-30.csv,/Users/burdzhuchaglayan/Desktop/data science projects/air-pollution-levels/data/laqn/optimased/2025_jun/MEA_PM2.5_2025-06-01_2025-06-30.csv,696,108,15.52
IS6_PM2.5_2025-06-01_2025-06-30.csv,/Users/burdzhuchaglayan/Desktop/data science projects/air-pollution-levels/data/laqn/optimased/2025_jun/IS6_PM2.5_2025-06-01_2025-06-30.csv,696,1,0.14
WA9_NO2_2025-06-01_2025-06-30.csv,/Users/burdzhuchaglayan/Desktop/data science projects/air-pollution-levels/data/laqn/optimased/2025_jun/WA9_NO2_2025-06-01_2025-06-30.csv,696,2,0.29
EN5_PM10_2025-06-01_2025-06-30.csv,/Users/burdzhuchaglayan/Desktop/data science projects/air-pollution-levels/data/laqn/optimased/2025_jun/EN5_PM10_2025-06-01_2025-06-30.csv,696,35,5.03
TH5_PM2.5_2025-06-01_2025-06-30.csv,/Users/burdzhuchaglayan/Desktop/data science projects/air-pollution-levels/data/laqn/optimased/2025_jun/TH5_PM2.5_2025-06-01_2025-06-30.csv,696,3,0.43
MEB_PM2.5_2025-06-01_2025-06-30.csv,/Users/burdzhuchaglayan/Desktop/data science projects/air-pollution-levels/data/laqn/optimased/2025_jun/MEB_PM2.5_2025-06-01_2025-06-30.csv,696,0,0.0
WA9_PM2.5_2025-06-01_2025-06-30.csv,/Users/burdzhuchaglayan/Desktop/data science projects/air-pollution-levels/data/laqn/optimased/2025_jun/WA9_PM2.5_2025-06-01_2025-06-30.csv,696,2,0.29
BL0_NO2_2025-06-01_2025-06-30.csv,/Users/burdzhuchaglayan/Desktop/data science projects/air-pollution-levels/data/laqn/optimased/2025_jun/BL0_NO2_2025-06-01_2025-06-30.csv,696,2,0.29
BL0_PM10_2025-06-01_2025-06-30.csv,/Users/burdzhuchaglayan/Desktop/data science projects/air-pollution-levels/data/laqn/optimased/2025_jun/BL0_PM10_2025-06-01_2025-06-30.csv,696,0,0.0
MEB_PM10_2025-06-01_2025-06-30.csv,/Users/burdzhuchaglayan/Desktop/data science projects/air-pollution-levels/data/laqn/optimased/2025_jun/MEB_PM10_2025-06-01_2025-06-30.csv,696,0,0.0
BL0_SO2_2025-06-01_2025-06-30.csv,/Users/burdzhuchaglayan/Desktop/data science projects/air-pollution-levels/data/laqn/optimased/2025_jun/BL0_SO2_2025-06-01_2025-06-30.csv,696,5,0.72
MEA_NO2_2025-06-01_2025-06-30.csv,/Users/burdzhuchaglayan/Desktop/data science projects/air-pollution-levels/data/laqn/optimased/2025_jun/MEA_NO2_2025-06-01_2025-06-30.csv,696,1,0.14
TH5_NO2_2025-06-01_2025-06-30.csv,/Users/burdzhuchaglayan/Desktop/data science projects/air-pollution-levels/data/laqn/optimased/2025_jun/TH5_NO2_2025-06-01_2025-06-30.csv,696,3,0.43
ME2_PM10_2025-06-01_2025-06-30.csv,/Users/burdzhuchaglayan/Desktop/data science projects/air-pollution-levels/data/laqn/optimased/2025_jun/ME2_PM10_2025-06-01_2025-06-30.csv,696,127,18.25
RHI_PM2.5_2025-06-01_2025-06-30.csv,/Users/burdzhuchaglayan/Desktop/data science projects/air-pollution-levels/data/laqn/optimased/2025_jun/RHI_PM2.5_2025-06-01_2025-06-30.csv,696,94,13.51
ME2_PM2.5_2025-06-01_2025-06-30.csv,/Users/burdzhuchaglayan/Desktop/data science projects/air-pollution-levels/data/laqn/optimased/2025_jun/ME2_PM2.5_2025-06-01_2025-06-30.csv,696,58,8.33
TH6_NO2_2025-06-01_2025-06-30.csv,/Users/burdzhuchaglayan/Desktop/data science projects/air-pollution-levels/data/laqn/optimased/2025_jun/TH6_NO2_2025-06-01_2025-06-30.csv,696,11,1.58
WAC_NO2_2025-06-01_2025-06-30.csv,/Users/burdzhuchaglayan/Desktop/data science projects/air-pollution-levels/data/laqn/optimased/2025_jun/WAC_NO2_2025-06-01_2025-06-30.csv,696,1,0.14
BL0_PM2.5_2025-06-01_2025-06-30.csv,/Users/burdzhuchaglayan/Desktop/data science projects/air-pollution-levels/data/laqn/optimased/2025_jun/BL0_PM2.5_2025-06-01_2025-06-30.csv,696,0,0.0
WM5_PM2.5_2025-06-01_2025-06-30.csv,/Users/burdzhuchaglayan/Desktop/data science projects/air-pollution-levels/data/laqn/optimased/2025_jun/WM5_PM2.5_2025-06-01_2025-06-30.csv,696,17,2.44
ME2_NO2_2025-06-01_2025-06-30.csv,/Users/burdzhuchaglayan/Desktop/data science projects/air-pollution-levels/data/laqn/optimased/2025_jun/ME2_NO2_2025-06-01_2025-06-30.csv,696,1,0.14
WAA_PM2.5_2025-06-01_2025-06-30.csv,/Users/burdzhuchaglayan/Desktop/data science projects/air-pollution-levels/data/laqn/optimased/2025_jun/WAA_PM2.5_2025-06-01_2025-06-30.csv,696,76,10.92
BL0_O3_2025-06-01_2025-06-30.csv,/Users/burdzhuchaglayan/Desktop/data science projects/air-pollution-levels/data/laqn/optimased/2025_jun/BL0_O3_2025-06-01_2025-06-30.csv,696,0,0.0
RHI_NO2_2025-06-01_2025-06-30.csv,/Users/burdzhuchaglayan/Desktop/data science projects/air-pollution-levels/data/laqn/optimased/2025_jun/RHI_NO2_2025-06-01_2025-06-30.csv,696,2,0.29
TH7_NO2_2025-06-01_2025-06-30.csv,/Users/burdzhuchaglayan/Desktop/data science projects/air-pollution-levels/data/laqn/optimased/2025_jun/TH7_NO2_2025-06-01_2025-06-30.csv,696,7,1.01
TH2_PM2.5_2025-06-01_2025-06-30.csv,/Users/burdzhuchaglayan/Desktop/data science projects/air-pollution-levels/data/laqn/optimased/2025_jun/TH2_PM2.5_2025-06-01_2025-06-30.csv,696,6,0.86
EN5_PM2.5_2025-06-01_2025-06-30.csv,/Users/burdzhuchaglayan/Desktop/data science projects/air-pollution-levels/data/laqn/optimased/2025_jun/EN5_PM2.5_2025-06-01_2025-06-30.csv,696,35,5.03
TH7_PM2.5_2025-06-01_2025-06-30.csv,/Users/burdzhuchaglayan/Desktop/data science projects/air-pollution-levels/data/laqn/optimased/2025_jun/TH7_PM2.5_2025-06-01_2025-06-30.csv,696,25,3.59
TH5_PM10_2025-06-01_2025-06-30.csv,/Users/burdzhuchaglayan/Desktop/data science projects/air-pollution-levels/data/laqn/optimased/2025_jun/TH5_PM10_2025-06-01_2025-06-30.csv,696,20,2.87
IS2_PM2.5_2025-06-01_2025-06-30.csv,/Users/burdzhuchaglayan/Desktop/data science projects/air-pollution-levels/data/laqn/optimased/2025_jun/IS2_PM2.5_2025-06-01_2025-06-30.csv,696,0,0.0
WM6_PM2.5_2025-06-01_2025-06-30.csv,/Users/burdzhuchaglayan/Desktop/data science projects/air-pollution-levels/data/laqn/optimased/2025_jun/WM6_PM2.5_2025-06-01_2025-06-30.csv,696,20,2.87
WA9_NO2_2024-06-01_2024-06-30.csv,/Users/burdzhuchaglayan/Desktop/data science projects/air-pollution-levels/data/laqn/optimased/2024_jun/WA9_NO2_2024-06-01_2024-06-30.csv,696,1,0.14
ME2_PM10_2024-06-01_2024-06-30.csv,/Users/burdzhuchaglayan/Desktop/data science projects/air-pollution-levels/data/laqn/optimased/2024_jun/ME2_PM10_2024-06-01_2024-06-30.csv,696,2,0.29
WAC_NO2_2024-06-01_2024-06-30.csv,/Users/burdzhuchaglayan/Desktop/data science projects/air-pollution-levels/data/laqn/optimased/2024_jun/WAC_NO2_2024-06-01_2024-06-30.csv,696,1,0.14
WM5_PM2.5_2024-06-01_2024-06-30.csv,/Users/burdzhuchaglayan/Desktop/data science projects/air-pollution-levels/data/laqn/optimased/2024_jun/WM5_PM2.5_2024-06-01_2024-06-30.csv,696,10,1.44
WM6_PM2.5_2024-06-01_2024-06-30.csv,/Users/burdzhuchaglayan/Desktop/data science projects/air-pollution-levels/data/laqn/optimased/2024_jun/WM6_PM2.5_2024-06-01_2024-06-30.csv,696,1,0.14
LH0_O3_2023-06-01_2023-06-30.csv,/Users/burdzhuchaglayan/Desktop/data science projects/air-pollution-levels/data/laqn/optimased/2023_jun/LH0_O3_2023-06-01_2023-06-30.csv,696,0,0.0
LH0_PM2.5_2023-06-01_2023-06-30.csv,/Users/burdzhuchaglayan/Desktop/data science projects/air-pollution-levels/data/laqn/optimased/2023_jun/LH0_PM2.5_2023-06-01_2023-06-30.csv,696,0,0.0
BL0_PM2.5_2023-06-01_2023-06-30.csv,/Users/burdzhuchaglayan/Desktop/data science projects/air-pollution-levels/data/laqn/optimased/2023_jun/BL0_PM2.5_2023-06-01_2023-06-30.csv,696,0,0.0
LH0_NO2_2023-06-01_2023-06-30.csv,/Users/burdzhuchaglayan/Desktop/data science projects/air-pollution-levels/data/laqn/optimased/2023_jun/LH0_NO2_2023-06-01_2023-06-30.csv,696,0,0.0
GR8_PM2.5_2023-06-01_2023-06-30.csv,/Users/burdzhuchaglayan/Desktop/data science projects/air-pollution-levels/data/laqn/optimased/2023_jun/GR8_PM2.5_2023-06-01_2023-06-30.csv,696,128,18.39
BL0_O3_2023-06-01_2023-06-30.csv,/Users/burdzhuchaglayan/Desktop/data science projects/air-pollution-levels/data/laqn/optimased/2023_jun/BL0_O3_2023-06-01_2023-06-30.csv,696,0,0.0
BL0_PM10_2023-06-01_2023-06-30.csv,/Users/burdzhuchaglayan/Desktop/data science projects/air-pollution-levels/data/laqn/optimased/2023_jun/BL0_PM10_2023-06-01_2023-06-30.csv,696,0,0.0
BL0_NO2_2023-06-01_2023-06-30.csv,/Users/burdzhuchaglayan/Desktop/data science projects/air-pollution-levels/data/laqn/optimased/2023_jun/BL0_NO2_2023-06-01_2023-06-30.csv,696,1,0.14
WM0_NO2_2023-06-01_2023-06-30.csv,/Users/burdzhuchaglayan/Desktop/data science projects/air-pollution-levels/data/laqn/optimased/2023_jun/WM0_NO2_2023-06-01_2023-06-30.csv,696,2,0.29
HV1_PM2.5_2023-06-01_2023-06-30.csv,/Users/burdzhuchaglayan/Desktop/data science projects/air-pollution-levels/data/laqn/optimased/2023_jun/HV1_PM2.5_2023-06-01_2023-06-30.csv,696,3,0.43
BL0_SO2_2023-06-01_2023-06-30.csv,/Users/burdzhuchaglayan/Desktop/data science projects/air-pollution-levels/data/laqn/optimased/2023_jun/BL0_SO2_2023-06-01_2023-06-30.csv,696,9,1.29
LH0_PM10_2023-06-01_2023-06-30.csv,/Users/burdzhuchaglayan/Desktop/data science projects/air-pollution-levels/data/laqn/optimased/2023_jun/LH0_PM10_2023-06-01_2023-06-30.csv,696,0,0.0
LB5_NO2_2023-06-01_2023-06-30.csv,/Users/burdzhuchaglayan/Desktop/data science projects/air-pollution-levels/data/laqn/optimased/2023_jun/LB5_NO2_2023-06-01_2023-06-30.csv,696,95,13.65
HI0_NO2_2023-06-01_2023-06-30.csv,/Users/burdzhuchaglayan/Desktop/data science projects/air-pollution-levels/data/laqn/optimased/2023_jun/HI0_NO2_2023-06-01_2023-06-30.csv,696,1,0.14
GR4_NO2_2023-06-01_2023-06-30.csv,/Users/burdzhuchaglayan/Desktop/data science projects/air-pollution-levels/data/laqn/optimased/2023_jun/GR4_NO2_2023-06-01_2023-06-30.csv,696,4,0.57
HI0_O3_2023-06-01_2023-06-30.csv,/Users/burdzhuchaglayan/Desktop/data science projects/air-pollution-levels/data/laqn/optimased/2023_jun/HI0_O3_2023-06-01_2023-06-30.csv,696,0,0.0
LB5_PM10_2023-06-01_2023-06-30.csv,/Users/burdzhuchaglayan/Desktop/data science projects/air-pollution-levels/data/laqn/optimased/2023_jun/LB5_PM10_2023-06-01_2023-06-30.csv,696,120,17.24
LB5_SO2_2023-06-01_2023-06-30.csv,/Users/burdzhuchaglayan/Desktop/data science projects/air-pollution-levels/data/laqn/optimased/2023_jun/LB5_SO2_2023-06-01_2023-06-30.csv,696,93,13.36
HV1_PM10_2023-06-01_2023-06-30.csv,/Users/burdzhuchaglayan/Desktop/data science projects/air-pollution-levels/data/laqn/optimased/2023_jun/HV1_PM10_2023-06-01_2023-06-30.csv,696,3,0.43
