filename,path,station_name,pollutant_std,EmptyValuePercentage
Toluene__2023_03.csv,/Users/burdzhuchaglayan/Desktop/data science projects/air-pollution-levels/data/defra/optimised/2023measurements/London_Marylebone_Road/Toluene__2023_03.csv,London Marylebone Road,Toluene,21.77
Ethyne__2023_03.csv,/Users/burdzhuchaglayan/Desktop/data science projects/air-pollution-levels/data/defra/optimised/2023measurements/London_Marylebone_Road/Ethyne__2023_03.csv,London Marylebone Road,Ethyne,21.77
O3__2023_03.csv,/Users/burdzhuchaglayan/Desktop/data science projects/air-pollution-levels/data/defra/optimised/2023measurements/London_Marylebone_Road/O3__2023_03.csv,London Marylebone Road,O3,20.81
trans-2-Pentene__2023_03.csv,/Users/burdzhuchaglayan/Desktop/data science projects/air-pollution-levels/data/defra/optimised/2023measurements/London_Marylebone_Road/trans-2-Pentene__2023_03.csv,London Marylebone Road,trans-2-Pentene,21.77
1-Butene__2023_03.csv,/Users/burdzhuchaglayan/Desktop/data science projects/air-pollution-levels/data/defra/optimised/2023measurements/London_Marylebone_Road/1-Butene__2023_03.csv,London Marylebone Road,1-Butene,21.77
Toluene__2023_05.csv,/Users/burdzhuchaglayan/Desktop/data science projects/air-pollution-levels/data/defra/optimised/2023measurements/London_Marylebone_Road/Toluene__2023_05.csv,London Marylebone Road,Toluene,26.71
O3__2023_04.csv,/Users/burdzhuchaglayan/Desktop/data science projects/air-pollution-levels/data/defra/optimised/2023measurements/London_Marylebone_Road/O3__2023_04.csv,London Marylebone Road,O3,86.57
"1,2,4-TMB__2023_03.csv","/Users/burdzhuchaglayan/Desktop/data science projects/air-pollution-levels/data/defra/optimised/2023measurements/London_Marylebone_Road/1,2,4-TMB__2023_03.csv",London Marylebone Road,"1,2,4-TMB",21.77
SO2__2023_09.csv,/Users/burdzhuchaglayan/Desktop/data science projects/air-pollution-levels/data/defra/optimised/2023measurements/London_Marylebone_Road/SO2__2023_09.csv,London Marylebone Road,SO2,31.15
PM2.5__2023_04.csv,/Users/burdzhuchaglayan/Desktop/data science projects/air-pollution-levels/data/defra/optimised/2023measurements/London_Marylebone_Road/PM2.5__2023_04.csv,London Marylebone Road,PM2.5,100.0
i-Pentane__2023_03.csv,/Users/burdzhuchaglayan/Desktop/data science projects/air-pollution-levels/data/defra/optimised/2023measurements/London_Marylebone_Road/i-Pentane__2023_03.csv,London Marylebone Road,i-Pentane,21.77
NO2__2023_03.csv,/Users/burdzhuchaglayan/Desktop/data science projects/air-pollution-levels/data/defra/optimised/2023measurements/London_Marylebone_Road/NO2__2023_03.csv,London Marylebone Road,NO2,20.94
CO__2023_09.csv,/Users/burdzhuchaglayan/Desktop/data science projects/air-pollution-levels/data/defra/optimised/2023measurements/London_Marylebone_Road/CO__2023_09.csv,London Marylebone Road,CO,21.51
NO2__2023_04.csv,/Users/burdzhuchaglayan/Desktop/data science projects/air-pollution-levels/data/defra/optimised/2023measurements/London_Marylebone_Road/NO2__2023_04.csv,London Marylebone Road,NO2,86.57
n-Heptane__2023_03.csv,/Users/burdzhuchaglayan/Desktop/data science projects/air-pollution-levels/data/defra/optimised/2023measurements/London_Marylebone_Road/n-Heptane__2023_03.csv,London Marylebone Road,n-Heptane,21.97
PM10__2023_04.csv,/Users/burdzhuchaglayan/Desktop/data science projects/air-pollution-levels/data/defra/optimised/2023measurements/London_Marylebone_Road/PM10__2023_04.csv,London Marylebone Road,PM10,100.0
CO__2023_03.csv,/Users/burdzhuchaglayan/Desktop/data science projects/air-pollution-levels/data/defra/optimised/2023measurements/London_Marylebone_Road/CO__2023_03.csv,London Marylebone Road,CO,22.68
i-Octane__2023_03.csv,/Users/burdzhuchaglayan/Desktop/data science projects/air-pollution-levels/data/defra/optimised/2023measurements/London_Marylebone_Road/i-Octane__2023_03.csv,London Marylebone Road,i-Octane,21.77
"1,3,5-TMB__2023_03.csv","/Users/burdzhuchaglayan/Desktop/data science projects/air-pollution-levels/data/defra/optimised/2023measurements/London_Marylebone_Road/1,3,5-TMB__2023_03.csv",London Marylebone Road,"1,3,5-TMB",21.77
SO2__2023_03.csv,/Users/burdzhuchaglayan/Desktop/data science projects/air-pollution-levels/data/defra/optimised/2023measurements/London_Marylebone_Road/SO2__2023_03.csv,London Marylebone Road,SO2,22.42
CO__2023_04.csv,/Users/burdzhuchaglayan/Desktop/data science projects/air-pollution-levels/data/defra/optimised/2023measurements/London_Marylebone_Road/CO__2023_04.csv,London Marylebone Road,CO,86.57
Ethane__2023_03.csv,/Users/burdzhuchaglayan/Desktop/data science projects/air-pollution-levels/data/defra/optimised/2023measurements/London_Marylebone_Road/Ethane__2023_03.csv,London Marylebone Road,Ethane,21.77
Ethylbenzene__2023_03.csv,/Users/burdzhuchaglayan/Desktop/data science projects/air-pollution-levels/data/defra/optimised/2023measurements/London_Marylebone_Road/Ethylbenzene__2023_03.csv,London Marylebone Road,Ethylbenzene,21.77
PM10__2023_03.csv,/Users/burdzhuchaglayan/Desktop/data science projects/air-pollution-levels/data/defra/optimised/2023measurements/London_Marylebone_Road/PM10__2023_03.csv,London Marylebone Road,PM10,22.67
SO2__2023_06.csv,/Users/burdzhuchaglayan/Desktop/data science projects/air-pollution-levels/data/defra/optimised/2023measurements/London_Marylebone_Road/SO2__2023_06.csv,London Marylebone Road,SO2,38.33
o-Xylene__2023_03.csv,/Users/burdzhuchaglayan/Desktop/data science projects/air-pollution-levels/data/defra/optimised/2023measurements/London_Marylebone_Road/o-Xylene__2023_03.csv,London Marylebone Road,o-Xylene,21.77
Propane__2023_03.csv,/Users/burdzhuchaglayan/Desktop/data science projects/air-pollution-levels/data/defra/optimised/2023measurements/London_Marylebone_Road/Propane__2023_03.csv,London Marylebone Road,Propane,21.56
SO2__2023_04.csv,/Users/burdzhuchaglayan/Desktop/data science projects/air-pollution-levels/data/defra/optimised/2023measurements/London_Marylebone_Road/SO2__2023_04.csv,London Marylebone Road,SO2,89.51
"m,p-Xylene__2023_03.csv","/Users/burdzhuchaglayan/Desktop/data science projects/air-pollution-levels/data/defra/optimised/2023measurements/London_Marylebone_Road/m,p-Xylene__2023_03.csv",London Marylebone Road,"m,p-Xylene",21.77
PM10__2023_01.csv,/Users/burdzhuchaglayan/Desktop/data science projects/air-pollution-levels/data/defra/optimised/2023measurements/London_Marylebone_Road/PM10__2023_01.csv,London Marylebone Road,PM10,23.18
1-Pentene__2023_03.csv,/Users/burdzhuchaglayan/Desktop/data science projects/air-pollution-levels/data/defra/optimised/2023measurements/London_Marylebone_Road/1-Pentene__2023_03.csv,London Marylebone Road,1-Pentene,21.97
n-Octane__2023_03.csv,/Users/burdzhuchaglayan/Desktop/data science projects/air-pollution-levels/data/defra/optimised/2023measurements/London_Marylebone_Road/n-Octane__2023_03.csv,London Marylebone Road,n-Octane,21.77
Isoprene__2023_03.csv,/Users/burdzhuchaglayan/Desktop/data science projects/air-pollution-levels/data/defra/optimised/2023measurements/London_Marylebone_Road/Isoprene__2023_03.csv,London Marylebone Road,Isoprene,21.77
i-Hexane__2023_03.csv,/Users/burdzhuchaglayan/Desktop/data science projects/air-pollution-levels/data/defra/optimised/2023measurements/London_Marylebone_Road/i-Hexane__2023_03.csv,London Marylebone Road,i-Hexane,21.77
NO__2023_03.csv,/Users/burdzhuchaglayan/Desktop/data science projects/air-pollution-levels/data/defra/optimised/2023measurements/London_Marylebone_Road/NO__2023_03.csv,London Marylebone Road,NO,20.94
"1,3-Butadiene__2023_03.csv","/Users/burdzhuchaglayan/Desktop/data science projects/air-pollution-levels/data/defra/optimised/2023measurements/London_Marylebone_Road/1,3-Butadiene__2023_03.csv",London Marylebone Road,"1,3-Butadiene",22.38
i-Butane__2023_03.csv,/Users/burdzhuchaglayan/Desktop/data science projects/air-pollution-levels/data/defra/optimised/2023measurements/London_Marylebone_Road/i-Butane__2023_03.csv,London Marylebone Road,i-Butane,21.77
NOx__2023_03.csv,/Users/burdzhuchaglayan/Desktop/data science projects/air-pollution-levels/data/defra/optimised/2023measurements/London_Marylebone_Road/NOx__2023_03.csv,London Marylebone Road,NOx,20.94
cis-2-Butene__2023_03.csv,/Users/burdzhuchaglayan/Desktop/data science projects/air-pollution-levels/data/defra/optimised/2023measurements/London_Marylebone_Road/cis-2-Butene__2023_03.csv,London Marylebone Road,cis-2-Butene,21.77
"1,2,3-TMB__2023_03.csv","/Users/burdzhuchaglayan/Desktop/data science projects/air-pollution-levels/data/defra/optimised/2023measurements/London_Marylebone_Road/1,2,3-TMB__2023_03.csv",London Marylebone Road,"1,2,3-TMB",21.77
n-Butane__2023_03.csv,/Users/burdzhuchaglayan/Desktop/data science projects/air-pollution-levels/data/defra/optimised/2023measurements/London_Marylebone_Road/n-Butane__2023_03.csv,London Marylebone Road,n-Butane,21.77
NO__2023_04.csv,/Users/burdzhuchaglayan/Desktop/data science projects/air-pollution-levels/data/defra/optimised/2023measurements/London_Marylebone_Road/NO__2023_04.csv,London Marylebone Road,NO,86.57
trans-2-Butene__2023_03.csv,/Users/burdzhuchaglayan/Desktop/data science projects/air-pollution-levels/data/defra/optimised/2023measurements/London_Marylebone_Road/trans-2-Butene__2023_03.csv,London Marylebone Road,trans-2-Butene,21.77
Propene__2023_03.csv,/Users/burdzhuchaglayan/Desktop/data science projects/air-pollution-levels/data/defra/optimised/2023measurements/London_Marylebone_Road/Propene__2023_03.csv,London Marylebone Road,Propene,21.77
n-Pentane__2023_03.csv,/Users/burdzhuchaglayan/Desktop/data science projects/air-pollution-levels/data/defra/optimised/2023measurements/London_Marylebone_Road/n-Pentane__2023_03.csv,London Marylebone Road,n-Pentane,21.77
NOx__2023_04.csv,/Users/burdzhuchaglayan/Desktop/data science projects/air-pollution-levels/data/defra/optimised/2023measurements/London_Marylebone_Road/NOx__2023_04.csv,London Marylebone Road,NOx,86.57
n-Hexane__2023_03.csv,/Users/burdzhuchaglayan/Desktop/data science projects/air-pollution-levels/data/defra/optimised/2023measurements/London_Marylebone_Road/n-Hexane__2023_03.csv,London Marylebone Road,n-Hexane,21.77
Benzene__2023_03.csv,/Users/burdzhuchaglayan/Desktop/data science projects/air-pollution-levels/data/defra/optimised/2023measurements/London_Marylebone_Road/Benzene__2023_03.csv,London Marylebone Road,Benzene,21.36
Ethene__2023_03.csv,/Users/burdzhuchaglayan/Desktop/data science projects/air-pollution-levels/data/defra/optimised/2023measurements/London_Marylebone_Road/Ethene__2023_03.csv,London Marylebone Road,Ethene,21.97
O3__2023_02.csv,/Users/burdzhuchaglayan/Desktop/data science projects/air-pollution-levels/data/defra/optimised/2023measurements/London_Westminster/O3__2023_02.csv,London Westminster,O3,20.68
O3__2023_01.csv,/Users/burdzhuchaglayan/Desktop/data science projects/air-pollution-levels/data/defra/optimised/2023measurements/London_Westminster/O3__2023_01.csv,London Westminster,O3,100.0
O3__2023_06.csv,/Users/burdzhuchaglayan/Desktop/data science projects/air-pollution-levels/data/defra/optimised/2023measurements/London_Westminster/O3__2023_06.csv,London Westminster,O3,47.78
O3__2023_06.csv,/Users/burdzhuchaglayan/Desktop/data science projects/air-pollution-levels/data/defra/optimised/2023measurements/London_N._Kensington/O3__2023_06.csv,London N. Kensington,O3,23.19
SO2__2023_09.csv,/Users/burdzhuchaglayan/Desktop/data science projects/air-pollution-levels/data/defra/optimised/2023measurements/London_N._Kensington/SO2__2023_09.csv,London N. Kensington,SO2,23.57
PM2.5__2023_04.csv,/Users/burdzhuchaglayan/Desktop/data science projects/air-pollution-levels/data/defra/optimised/2023measurements/London_N._Kensington/PM2.5__2023_04.csv,London N. Kensington,PM2.5,76.64
PM10__2023_04.csv,/Users/burdzhuchaglayan/Desktop/data science projects/air-pollution-levels/data/defra/optimised/2023measurements/London_N._Kensington/PM10__2023_04.csv,London N. Kensington,PM10,76.64
O3__2023_08.csv,/Users/burdzhuchaglayan/Desktop/data science projects/air-pollution-levels/data/defra/optimised/2023measurements/London_N._Kensington/O3__2023_08.csv,London N. Kensington,O3,24.23
PM10__2023_08.csv,/Users/burdzhuchaglayan/Desktop/data science projects/air-pollution-levels/data/defra/optimised/2023measurements/London_Bexley/PM10__2023_08.csv,London Bexley,PM10,24.36
NO2__2023_05.csv,/Users/burdzhuchaglayan/Desktop/data science projects/air-pollution-levels/data/defra/optimised/2023measurements/London_Bexley/NO2__2023_05.csv,London Bexley,NO2,54.84
PM10__2023_05.csv,/Users/burdzhuchaglayan/Desktop/data science projects/air-pollution-levels/data/defra/optimised/2023measurements/London_Bexley/PM10__2023_05.csv,London Bexley,PM10,81.88
PM10__2023_04.csv,/Users/burdzhuchaglayan/Desktop/data science projects/air-pollution-levels/data/defra/optimised/2023measurements/London_Bexley/PM10__2023_04.csv,London Bexley,PM10,28.11
PM10__2023_06.csv,/Users/burdzhuchaglayan/Desktop/data science projects/air-pollution-levels/data/defra/optimised/2023measurements/London_Bexley/PM10__2023_06.csv,London Bexley,PM10,31.25
PM10__2023_07.csv,/Users/burdzhuchaglayan/Desktop/data science projects/air-pollution-levels/data/defra/optimised/2023measurements/London_Bexley/PM10__2023_07.csv,London Bexley,PM10,21.51
PM10__2023_03.csv,/Users/burdzhuchaglayan/Desktop/data science projects/air-pollution-levels/data/defra/optimised/2023measurements/London_Bexley/PM10__2023_03.csv,London Bexley,PM10,76.91
PM10__2023_02.csv,/Users/burdzhuchaglayan/Desktop/data science projects/air-pollution-levels/data/defra/optimised/2023measurements/London_Bexley/PM10__2023_02.csv,London Bexley,PM10,92.26
PM10__2023_01.csv,/Users/burdzhuchaglayan/Desktop/data science projects/air-pollution-levels/data/defra/optimised/2023measurements/London_Bexley/PM10__2023_01.csv,London Bexley,PM10,91.64
NO__2023_05.csv,/Users/burdzhuchaglayan/Desktop/data science projects/air-pollution-levels/data/defra/optimised/2023measurements/London_Bexley/NO__2023_05.csv,London Bexley,NO,54.84
NOx__2023_05.csv,/Users/burdzhuchaglayan/Desktop/data science projects/air-pollution-levels/data/defra/optimised/2023measurements/London_Bexley/NOx__2023_05.csv,London Bexley,NOx,51.88
PM10__2023_01.csv,/Users/burdzhuchaglayan/Desktop/data science projects/air-pollution-levels/data/defra/optimised/2023measurements/Ealing_Horn_Lane/PM10__2023_01.csv,Ealing Horn Lane,PM10,27.36
O3__2023_02.csv,/Users/burdzhuchaglayan/Desktop/data science projects/air-pollution-levels/data/defra/optimised/2023measurements/London_Haringey_Priory_Park_South/O3__2023_02.csv,London Haringey Priory Park South,O3,95.09
O3__2023_01.csv,/Users/burdzhuchaglayan/Desktop/data science projects/air-pollution-levels/data/defra/optimised/2023measurements/London_Haringey_Priory_Park_South/O3__2023_01.csv,London Haringey Priory Park South,O3,53.3
O3__2023_10.csv,/Users/burdzhuchaglayan/Desktop/data science projects/air-pollution-levels/data/defra/optimised/2023measurements/London_Haringey_Priory_Park_South/O3__2023_10.csv,London Haringey Priory Park South,O3,75.14
O3__2023_05.csv,/Users/burdzhuchaglayan/Desktop/data science projects/air-pollution-levels/data/defra/optimised/2023measurements/London_Haringey_Priory_Park_South/O3__2023_05.csv,London Haringey Priory Park South,O3,27.28
O3__2023_11.csv,/Users/burdzhuchaglayan/Desktop/data science projects/air-pollution-levels/data/defra/optimised/2023measurements/London_Haringey_Priory_Park_South/O3__2023_11.csv,London Haringey Priory Park South,O3,80.28
O3__2023_07.csv,/Users/burdzhuchaglayan/Desktop/data science projects/air-pollution-levels/data/defra/optimised/2023measurements/London_Haringey_Priory_Park_South/O3__2023_07.csv,London Haringey Priory Park South,O3,48.66
O3__2023_12.csv,/Users/burdzhuchaglayan/Desktop/data science projects/air-pollution-levels/data/defra/optimised/2023measurements/London_Haringey_Priory_Park_South/O3__2023_12.csv,London Haringey Priory Park South,O3,93.66
O3__2023_06.csv,/Users/burdzhuchaglayan/Desktop/data science projects/air-pollution-levels/data/defra/optimised/2023measurements/London_Haringey_Priory_Park_South/O3__2023_06.csv,London Haringey Priory Park South,O3,55.69
NO2__2023_10.csv,/Users/burdzhuchaglayan/Desktop/data science projects/air-pollution-levels/data/defra/optimised/2023measurements/London_Haringey_Priory_Park_South/NO2__2023_10.csv,London Haringey Priory Park South,NO2,43.38
NO__2023_10.csv,/Users/burdzhuchaglayan/Desktop/data science projects/air-pollution-levels/data/defra/optimised/2023measurements/London_Haringey_Priory_Park_South/NO__2023_10.csv,London Haringey Priory Park South,NO,43.38
NOx__2023_10.csv,/Users/burdzhuchaglayan/Desktop/data science projects/air-pollution-levels/data/defra/optimised/2023measurements/London_Haringey_Priory_Park_South/NOx__2023_10.csv,London Haringey Priory Park South,NOx,43.38
NOx__2023_09.csv,/Users/burdzhuchaglayan/Desktop/data science projects/air-pollution-levels/data/defra/optimised/2023measurements/London_Eltham/NOx__2023_09.csv,London Eltham,NOx,100.0
NOx__2023_08.csv,/Users/burdzhuchaglayan/Desktop/data science projects/air-pollution-levels/data/defra/optimised/2023measurements/London_Eltham/NOx__2023_08.csv,London Eltham,NOx,100.0
NO__2023_08.csv,/Users/burdzhuchaglayan/Desktop/data science projects/air-pollution-levels/data/defra/optimised/2023measurements/London_Eltham/NO__2023_08.csv,London Eltham,NO,100.0
NO__2023_09.csv,/Users/burdzhuchaglayan/Desktop/data science projects/air-pollution-levels/data/defra/optimised/2023measurements/London_Eltham/NO__2023_09.csv,London Eltham,NO,100.0
O3__2023_10.csv,/Users/burdzhuchaglayan/Desktop/data science projects/air-pollution-levels/data/defra/optimised/2023measurements/London_Eltham/O3__2023_10.csv,London Eltham,O3,100.0
O3__2023_11.csv,/Users/burdzhuchaglayan/Desktop/data science projects/air-pollution-levels/data/defra/optimised/2023measurements/London_Eltham/O3__2023_11.csv,London Eltham,O3,100.0
O3__2023_07.csv,/Users/burdzhuchaglayan/Desktop/data science projects/air-pollution-levels/data/defra/optimised/2023measurements/London_Eltham/O3__2023_07.csv,London Eltham,O3,88.98
O3__2023_12.csv,/Users/burdzhuchaglayan/Desktop/data science projects/air-pollution-levels/data/defra/optimised/2023measurements/London_Eltham/O3__2023_12.csv,London Eltham,O3,100.0
NO2__2023_03.csv,/Users/burdzhuchaglayan/Desktop/data science projects/air-pollution-levels/data/defra/optimised/2023measurements/London_Eltham/NO2__2023_03.csv,London Eltham,NO2,85.23
NO2__2023_07.csv,/Users/burdzhuchaglayan/Desktop/data science projects/air-pollution-levels/data/defra/optimised/2023measurements/London_Eltham/NO2__2023_07.csv,London Eltham,NO2,88.98
PM2.5__2023_02.csv,/Users/burdzhuchaglayan/Desktop/data science projects/air-pollution-levels/data/defra/optimised/2023measurements/London_Eltham/PM2.5__2023_02.csv,London Eltham,PM2.5,38.54
NO2__2023_12.csv,/Users/burdzhuchaglayan/Desktop/data science projects/air-pollution-levels/data/defra/optimised/2023measurements/London_Eltham/NO2__2023_12.csv,London Eltham,NO2,100.0
NO2__2023_10.csv,/Users/burdzhuchaglayan/Desktop/data science projects/air-pollution-levels/data/defra/optimised/2023measurements/London_Eltham/NO2__2023_10.csv,London Eltham,NO2,100.0
PM10__2023_09.csv,/Users/burdzhuchaglayan/Desktop/data science projects/air-pollution-levels/data/defra/optimised/2023measurements/London_Eltham/PM10__2023_09.csv,London Eltham,PM10,100.0
PM10__2023_08.csv,/Users/burdzhuchaglayan/Desktop/data science projects/air-pollution-levels/data/defra/optimised/2023measurements/London_Eltham/PM10__2023_08.csv,London Eltham,PM10,100.0
NO2__2023_11.csv,/Users/burdzhuchaglayan/Desktop/data science projects/air-pollution-levels/data/defra/optimised/2023measurements/London_Eltham/NO2__2023_11.csv,London Eltham,NO2,100.0
NO2__2023_08.csv,/Users/burdzhuchaglayan/Desktop/data science projects/air-pollution-levels/data/defra/optimised/2023measurements/London_Eltham/NO2__2023_08.csv,London Eltham,NO2,100.0
PM10__2023_11.csv,/Users/burdzhuchaglayan/Desktop/data science projects/air-pollution-levels/data/defra/optimised/2023measurements/London_Eltham/PM10__2023_11.csv,London Eltham,PM10,100.0
PM10__2023_05.csv,/Users/burdzhuchaglayan/Desktop/data science projects/air-pollution-levels/data/defra/optimised/2023measurements/London_Eltham/PM10__2023_05.csv,London Eltham,PM10,84.09
PM10__2023_04.csv,/Users/burdzhuchaglayan/Desktop/data science projects/air-pollution-levels/data/defra/optimised/2023measurements/London_Eltham/PM10__2023_04.csv,London Eltham,PM10,58.46
PM10__2023_10.csv,/Users/burdzhuchaglayan/Desktop/data science projects/air-pollution-levels/data/defra/optimised/2023measurements/London_Eltham/PM10__2023_10.csv,London Eltham,PM10,100.0
NO2__2023_09.csv,/Users/burdzhuchaglayan/Desktop/data science projects/air-pollution-levels/data/defra/optimised/2023measurements/London_Eltham/NO2__2023_09.csv,London Eltham,NO2,100.0
PM10__2023_06.csv,/Users/burdzhuchaglayan/Desktop/data science projects/air-pollution-levels/data/defra/optimised/2023measurements/London_Eltham/PM10__2023_06.csv,London Eltham,PM10,95.03
PM10__2023_12.csv,/Users/burdzhuchaglayan/Desktop/data science projects/air-pollution-levels/data/defra/optimised/2023measurements/London_Eltham/PM10__2023_12.csv,London Eltham,PM10,100.0
PM10__2023_07.csv,/Users/burdzhuchaglayan/Desktop/data science projects/air-pollution-levels/data/defra/optimised/2023measurements/London_Eltham/PM10__2023_07.csv,London Eltham,PM10,99.87
PM10__2023_03.csv,/Users/burdzhuchaglayan/Desktop/data science projects/air-pollution-levels/data/defra/optimised/2023measurements/London_Eltham/PM10__2023_03.csv,London Eltham,PM10,94.5
PM10__2023_02.csv,/Users/burdzhuchaglayan/Desktop/data science projects/air-pollution-levels/data/defra/optimised/2023measurements/London_Eltham/PM10__2023_02.csv,London Eltham,PM10,100.0
PM10__2023_01.csv,/Users/burdzhuchaglayan/Desktop/data science projects/air-pollution-levels/data/defra/optimised/2023measurements/London_Eltham/PM10__2023_01.csv,London Eltham,PM10,100.0
NO__2023_03.csv,/Users/burdzhuchaglayan/Desktop/data science projects/air-pollution-levels/data/defra/optimised/2023measurements/London_Eltham/NO__2023_03.csv,London Eltham,NO,85.23
O3__2023_08.csv,/Users/burdzhuchaglayan/Desktop/data science projects/air-pollution-levels/data/defra/optimised/2023measurements/London_Eltham/O3__2023_08.csv,London Eltham,O3,100.0
NOx__2023_03.csv,/Users/burdzhuchaglayan/Desktop/data science projects/air-pollution-levels/data/defra/optimised/2023measurements/London_Eltham/NOx__2023_03.csv,London Eltham,NOx,85.23
O3__2023_09.csv,/Users/burdzhuchaglayan/Desktop/data science projects/air-pollution-levels/data/defra/optimised/2023measurements/London_Eltham/O3__2023_09.csv,London Eltham,O3,100.0
NO__2023_10.csv,/Users/burdzhuchaglayan/Desktop/data science projects/air-pollution-levels/data/defra/optimised/2023measurements/London_Eltham/NO__2023_10.csv,London Eltham,NO,100.0
NOx__2023_12.csv,/Users/burdzhuchaglayan/Desktop/data science projects/air-pollution-levels/data/defra/optimised/2023measurements/London_Eltham/NOx__2023_12.csv,London Eltham,NOx,100.0
NOx__2023_07.csv,/Users/burdzhuchaglayan/Desktop/data science projects/air-pollution-levels/data/defra/optimised/2023measurements/London_Eltham/NOx__2023_07.csv,London Eltham,NOx,88.98
NO__2023_11.csv,/Users/burdzhuchaglayan/Desktop/data science projects/air-pollution-levels/data/defra/optimised/2023measurements/London_Eltham/NO__2023_11.csv,London Eltham,NO,100.0
NO__2023_07.csv,/Users/burdzhuchaglayan/Desktop/data science projects/air-pollution-levels/data/defra/optimised/2023measurements/London_Eltham/NO__2023_07.csv,London Eltham,NO,88.98
NOx__2023_11.csv,/Users/burdzhuchaglayan/Desktop/data science projects/air-pollution-levels/data/defra/optimised/2023measurements/London_Eltham/NOx__2023_11.csv,London Eltham,NOx,100.0
NOx__2023_10.csv,/Users/burdzhuchaglayan/Desktop/data science projects/air-pollution-levels/data/defra/optimised/2023measurements/London_Eltham/NOx__2023_10.csv,London Eltham,NOx,100.0
NO__2023_12.csv,/Users/burdzhuchaglayan/Desktop/data science projects/air-pollution-levels/data/defra/optimised/2023measurements/London_Eltham/NO__2023_12.csv,London Eltham,NO,100.0
NO2__2023_10.csv,/Users/burdzhuchaglayan/Desktop/data science projects/air-pollution-levels/data/defra/optimised/2023measurements/Southwark_A2_Old_Kent_Road/NO2__2023_10.csv,Southwark A2 Old Kent Road,NO2,25.14
PM10__2023_01.csv,/Users/burdzhuchaglayan/Desktop/data science projects/air-pollution-levels/data/defra/optimised/2023measurements/Southwark_A2_Old_Kent_Road/PM10__2023_01.csv,Southwark A2 Old Kent Road,PM10,51.89
NO__2023_10.csv,/Users/burdzhuchaglayan/Desktop/data science projects/air-pollution-levels/data/defra/optimised/2023measurements/Southwark_A2_Old_Kent_Road/NO__2023_10.csv,Southwark A2 Old Kent Road,NO,25.14
NOx__2023_10.csv,/Users/burdzhuchaglayan/Desktop/data science projects/air-pollution-levels/data/defra/optimised/2023measurements/Southwark_A2_Old_Kent_Road/NOx__2023_10.csv,Southwark A2 Old Kent Road,NOx,25.14
O3__2023_11.csv,/Users/burdzhuchaglayan/Desktop/data science projects/air-pollution-levels/data/defra/optimised/2023measurements/London_Bloomsbury/O3__2023_11.csv,London Bloomsbury,O3,23.33
PM2.5__2023_12.csv,/Users/burdzhuchaglayan/Desktop/data science projects/air-pollution-levels/data/defra/optimised/2023measurements/London_Bloomsbury/PM2.5__2023_12.csv,London Bloomsbury,PM2.5,29.06
PM10__2023_12.csv,/Users/burdzhuchaglayan/Desktop/data science projects/air-pollution-levels/data/defra/optimised/2023measurements/London_Bloomsbury/PM10__2023_12.csv,London Bloomsbury,PM10,29.06
PM10__2023_01.csv,/Users/burdzhuchaglayan/Desktop/data science projects/air-pollution-levels/data/defra/optimised/2023measurements/London_Bloomsbury/PM10__2023_01.csv,London Bloomsbury,PM10,28.17
PM2.5__2023_11.csv,/Users/burdzhuchaglayan/Desktop/data science projects/air-pollution-levels/data/defra/optimised/2023measurements/London_Teddington_Bushy_Park/PM2.5__2023_11.csv,London Teddington Bushy Park,PM2.5,100.0
PM2.5__2023_10.csv,/Users/burdzhuchaglayan/Desktop/data science projects/air-pollution-levels/data/defra/optimised/2023measurements/London_Teddington_Bushy_Park/PM2.5__2023_10.csv,London Teddington Bushy Park,PM2.5,73.24
PM2.5__2023_04.csv,/Users/burdzhuchaglayan/Desktop/data science projects/air-pollution-levels/data/defra/optimised/2023measurements/London_Teddington_Bushy_Park/PM2.5__2023_04.csv,London Teddington Bushy Park,PM2.5,20.42
PM2.5__2023_12.csv,/Users/burdzhuchaglayan/Desktop/data science projects/air-pollution-levels/data/defra/optimised/2023measurements/London_Teddington_Bushy_Park/PM2.5__2023_12.csv,London Teddington Bushy Park,PM2.5,100.0
PM10__2023_11.csv,/Users/burdzhuchaglayan/Desktop/data science projects/air-pollution-levels/data/defra/optimised/2023measurements/London_Teddington_Bushy_Park/PM10__2023_11.csv,London Teddington Bushy Park,PM10,100.0
PM10__2023_04.csv,/Users/burdzhuchaglayan/Desktop/data science projects/air-pollution-levels/data/defra/optimised/2023measurements/London_Teddington_Bushy_Park/PM10__2023_04.csv,London Teddington Bushy Park,PM10,20.42
PM10__2023_10.csv,/Users/burdzhuchaglayan/Desktop/data science projects/air-pollution-levels/data/defra/optimised/2023measurements/London_Teddington_Bushy_Park/PM10__2023_10.csv,London Teddington Bushy Park,PM10,73.24
PM10__2023_12.csv,/Users/burdzhuchaglayan/Desktop/data science projects/air-pollution-levels/data/defra/optimised/2023measurements/London_Teddington_Bushy_Park/PM10__2023_12.csv,London Teddington Bushy Park,PM10,100.0
NO2__2023_07.csv,/Users/burdzhuchaglayan/Desktop/data science projects/air-pollution-levels/data/defra/optimised/2023measurements/Haringey_Roadside/NO2__2023_07.csv,Haringey Roadside,NO2,48.52
NO2__2023_04.csv,/Users/burdzhuchaglayan/Desktop/data science projects/air-pollution-levels/data/defra/optimised/2023measurements/Haringey_Roadside/NO2__2023_04.csv,Haringey Roadside,NO2,100.0
NO2__2023_05.csv,/Users/burdzhuchaglayan/Desktop/data science projects/air-pollution-levels/data/defra/optimised/2023measurements/Haringey_Roadside/NO2__2023_05.csv,Haringey Roadside,NO2,54.84
NO__2023_04.csv,/Users/burdzhuchaglayan/Desktop/data science projects/air-pollution-levels/data/defra/optimised/2023measurements/Haringey_Roadside/NO__2023_04.csv,Haringey Roadside,NO,100.0
NOx__2023_07.csv,/Users/burdzhuchaglayan/Desktop/data science projects/air-pollution-levels/data/defra/optimised/2023measurements/Haringey_Roadside/NOx__2023_07.csv,Haringey Roadside,NOx,48.52
NO__2023_05.csv,/Users/burdzhuchaglayan/Desktop/data science projects/air-pollution-levels/data/defra/optimised/2023measurements/Haringey_Roadside/NO__2023_05.csv,Haringey Roadside,NO,54.84
NO__2023_07.csv,/Users/burdzhuchaglayan/Desktop/data science projects/air-pollution-levels/data/defra/optimised/2023measurements/Haringey_Roadside/NO__2023_07.csv,Haringey Roadside,NO,48.52
NOx__2023_05.csv,/Users/burdzhuchaglayan/Desktop/data science projects/air-pollution-levels/data/defra/optimised/2023measurements/Haringey_Roadside/NOx__2023_05.csv,Haringey Roadside,NOx,54.84
NOx__2023_04.csv,/Users/burdzhuchaglayan/Desktop/data science projects/air-pollution-levels/data/defra/optimised/2023measurements/Haringey_Roadside/NOx__2023_04.csv,Haringey Roadside,NOx,100.0
NO2__2025_03.csv,/Users/burdzhuchaglayan/Desktop/data science projects/air-pollution-levels/data/defra/optimised/2025measurements/London_Marylebone_Road/NO2__2025_03.csv,London Marylebone Road,NO2,48.66
O3__2025_03.csv,/Users/burdzhuchaglayan/Desktop/data science projects/air-pollution-levels/data/defra/optimised/2025measurements/London_Marylebone_Road/O3__2025_03.csv,London Marylebone Road,O3,41.34
NOx__2025_03.csv,/Users/burdzhuchaglayan/Desktop/data science projects/air-pollution-levels/data/defra/optimised/2025measurements/London_Marylebone_Road/NOx__2025_03.csv,London Marylebone Road,NOx,54.57
NO__2025_03.csv,/Users/burdzhuchaglayan/Desktop/data science projects/air-pollution-levels/data/defra/optimised/2025measurements/London_Marylebone_Road/NO__2025_03.csv,London Marylebone Road,NO,48.39
SO2__2025_03.csv,/Users/burdzhuchaglayan/Desktop/data science projects/air-pollution-levels/data/defra/optimised/2025measurements/London_Marylebone_Road/SO2__2025_03.csv,London Marylebone Road,SO2,41.94
CO__2025_01.csv,/Users/burdzhuchaglayan/Desktop/data science projects/air-pollution-levels/data/defra/optimised/2025measurements/London_Marylebone_Road/CO__2025_01.csv,London Marylebone Road,CO,23.25
CO__2025_03.csv,/Users/burdzhuchaglayan/Desktop/data science projects/air-pollution-levels/data/defra/optimised/2025measurements/London_Marylebone_Road/CO__2025_03.csv,London Marylebone Road,CO,42.82
SO2__2025_01.csv,/Users/burdzhuchaglayan/Desktop/data science projects/air-pollution-levels/data/defra/optimised/2025measurements/London_Marylebone_Road/SO2__2025_01.csv,London Marylebone Road,SO2,34.68
PM2.5__2025_07.csv,/Users/burdzhuchaglayan/Desktop/data science projects/air-pollution-levels/data/defra/optimised/2025measurements/London_Westminster/PM2.5__2025_07.csv,London Westminster,PM2.5,33.47
PM2.5__2025_10.csv,/Users/burdzhuchaglayan/Desktop/data science projects/air-pollution-levels/data/defra/optimised/2025measurements/London_Westminster/PM2.5__2025_10.csv,London Westminster,PM2.5,100.0
PM2.5__2025_11.csv,/Users/burdzhuchaglayan/Desktop/data science projects/air-pollution-levels/data/defra/optimised/2025measurements/London_Westminster/PM2.5__2025_11.csv,London Westminster,PM2.5,100.0
PM2.5__2025_08.csv,/Users/burdzhuchaglayan/Desktop/data science projects/air-pollution-levels/data/defra/optimised/2025measurements/London_Westminster/PM2.5__2025_08.csv,London Westminster,PM2.5,100.0
PM2.5__2025_09.csv,/Users/burdzhuchaglayan/Desktop/data science projects/air-pollution-levels/data/defra/optimised/2025measurements/London_Westminster/PM2.5__2025_09.csv,London Westminster,PM2.5,100.0
SO2__2025_04.csv,/Users/burdzhuchaglayan/Desktop/data science projects/air-pollution-levels/data/defra/optimised/2025measurements/London_N._Kensington/SO2__2025_04.csv,London N. Kensington,SO2,29.6
O3__2025_07.csv,/Users/burdzhuchaglayan/Desktop/data science projects/air-pollution-levels/data/defra/optimised/2025measurements/London_Haringey_Priory_Park_South/O3__2025_07.csv,London Haringey Priory Park South,O3,49.87
O3__2025_08.csv,/Users/burdzhuchaglayan/Desktop/data science projects/air-pollution-levels/data/defra/optimised/2025measurements/London_Haringey_Priory_Park_South/O3__2025_08.csv,London Haringey Priory Park South,O3,83.87
PM2.5__2025_01.csv,/Users/burdzhuchaglayan/Desktop/data science projects/air-pollution-levels/data/defra/optimised/2025measurements/London_Honor_Oak_Park/PM2.5__2025_01.csv,London Honor Oak Park,PM2.5,25.13
PM10__2025_01.csv,/Users/burdzhuchaglayan/Desktop/data science projects/air-pollution-levels/data/defra/optimised/2025measurements/London_Honor_Oak_Park/PM10__2025_01.csv,London Honor Oak Park,PM10,22.31
NO2__2025_06.csv,/Users/burdzhuchaglayan/Desktop/data science projects/air-pollution-levels/data/defra/optimised/2025measurements/Haringey_Roadside/NO2__2025_06.csv,Haringey Roadside,NO2,45.56
NO2__2025_07.csv,/Users/burdzhuchaglayan/Desktop/data science projects/air-pollution-levels/data/defra/optimised/2025measurements/Haringey_Roadside/NO2__2025_07.csv,Haringey Roadside,NO2,51.48
NO__2025_09.csv,/Users/burdzhuchaglayan/Desktop/data science projects/air-pollution-levels/data/defra/optimised/2025measurements/Haringey_Roadside/NO__2025_09.csv,Haringey Roadside,NO,48.74
NO__2025_08.csv,/Users/burdzhuchaglayan/Desktop/data science projects/air-pollution-levels/data/defra/optimised/2025measurements/Haringey_Roadside/NO__2025_08.csv,Haringey Roadside,NO,100.0
NOx__2025_08.csv,/Users/burdzhuchaglayan/Desktop/data science projects/air-pollution-levels/data/defra/optimised/2025measurements/Haringey_Roadside/NOx__2025_08.csv,Haringey Roadside,NOx,100.0
NOx__2025_09.csv,/Users/burdzhuchaglayan/Desktop/data science projects/air-pollution-levels/data/defra/optimised/2025measurements/Haringey_Roadside/NOx__2025_09.csv,Haringey Roadside,NOx,48.74
NO__2025_06.csv,/Users/burdzhuchaglayan/Desktop/data science projects/air-pollution-levels/data/defra/optimised/2025measurements/Haringey_Roadside/NO__2025_06.csv,Haringey Roadside,NO,45.56
NO__2025_07.csv,/Users/burdzhuchaglayan/Desktop/data science projects/air-pollution-levels/data/defra/optimised/2025measurements/Haringey_Roadside/NO__2025_07.csv,Haringey Roadside,NO,51.48
NOx__2025_07.csv,/Users/burdzhuchaglayan/Desktop/data science projects/air-pollution-levels/data/defra/optimised/2025measurements/Haringey_Roadside/NOx__2025_07.csv,Haringey Roadside,NOx,51.48
NOx__2025_06.csv,/Users/burdzhuchaglayan/Desktop/data science projects/air-pollution-levels/data/defra/optimised/2025measurements/Haringey_Roadside/NOx__2025_06.csv,Haringey Roadside,NOx,45.56
NO2__2025_09.csv,/Users/burdzhuchaglayan/Desktop/data science projects/air-pollution-levels/data/defra/optimised/2025measurements/Haringey_Roadside/NO2__2025_09.csv,Haringey Roadside,NO2,48.74
NO2__2025_08.csv,/Users/burdzhuchaglayan/Desktop/data science projects/air-pollution-levels/data/defra/optimised/2025measurements/Haringey_Roadside/NO2__2025_08.csv,Haringey Roadside,NO2,100.0
PM2.5__2025_04.csv,/Users/burdzhuchaglayan/Desktop/data science projects/air-pollution-levels/data/defra/optimised/2025measurements/London_Norbury_Manor_School/PM2.5__2025_04.csv,London Norbury Manor School,PM2.5,100.0
PM2.5__2025_05.csv,/Users/burdzhuchaglayan/Desktop/data science projects/air-pollution-levels/data/defra/optimised/2025measurements/London_Norbury_Manor_School/PM2.5__2025_05.csv,London Norbury Manor School,PM2.5,39.56
PM10__2025_04.csv,/Users/burdzhuchaglayan/Desktop/data science projects/air-pollution-levels/data/defra/optimised/2025measurements/London_Norbury_Manor_School/PM10__2025_04.csv,London Norbury Manor School,PM10,100.0
PM10__2025_05.csv,/Users/burdzhuchaglayan/Desktop/data science projects/air-pollution-levels/data/defra/optimised/2025measurements/London_Norbury_Manor_School/PM10__2025_05.csv,London Norbury Manor School,PM10,39.56
NO__2024_02.csv,/Users/burdzhuchaglayan/Desktop/data science projects/air-pollution-levels/data/defra/optimised/2024measurements/London_Marylebone_Road/NO__2024_02.csv,London Marylebone Road,NO,30.5
NOx__2024_02.csv,/Users/burdzhuchaglayan/Desktop/data science projects/air-pollution-levels/data/defra/optimised/2024measurements/London_Marylebone_Road/NOx__2024_02.csv,London Marylebone Road,NOx,30.5
Benzene__2024_11.csv,/Users/burdzhuchaglayan/Desktop/data science projects/air-pollution-levels/data/defra/optimised/2024measurements/London_Marylebone_Road/Benzene__2024_11.csv,London Marylebone Road,Benzene,32.44
"1,2,3-TMB__2024_11.csv","/Users/burdzhuchaglayan/Desktop/data science projects/air-pollution-levels/data/defra/optimised/2024measurements/London_Marylebone_Road/1,2,3-TMB__2024_11.csv",London Marylebone Road,"1,2,3-TMB",32.89
CO__2024_02.csv,/Users/burdzhuchaglayan/Desktop/data science projects/air-pollution-levels/data/defra/optimised/2024measurements/London_Marylebone_Road/CO__2024_02.csv,London Marylebone Road,CO,44.09
Ethylbenzene__2024_11.csv,/Users/burdzhuchaglayan/Desktop/data science projects/air-pollution-levels/data/defra/optimised/2024measurements/London_Marylebone_Road/Ethylbenzene__2024_11.csv,London Marylebone Road,Ethylbenzene,32.44
o-Xylene__2024_11.csv,/Users/burdzhuchaglayan/Desktop/data science projects/air-pollution-levels/data/defra/optimised/2024measurements/London_Marylebone_Road/o-Xylene__2024_11.csv,London Marylebone Road,o-Xylene,32.44
CO__2024_03.csv,/Users/burdzhuchaglayan/Desktop/data science projects/air-pollution-levels/data/defra/optimised/2024measurements/London_Marylebone_Road/CO__2024_03.csv,London Marylebone Road,CO,24.16
SO2__2024_02.csv,/Users/burdzhuchaglayan/Desktop/data science projects/air-pollution-levels/data/defra/optimised/2024measurements/London_Marylebone_Road/SO2__2024_02.csv,London Marylebone Road,SO2,28.2
"m,p-Xylene__2024_11.csv","/Users/burdzhuchaglayan/Desktop/data science projects/air-pollution-levels/data/defra/optimised/2024measurements/London_Marylebone_Road/m,p-Xylene__2024_11.csv",London Marylebone Road,"m,p-Xylene",32.67
n-Octane__2024_11.csv,/Users/burdzhuchaglayan/Desktop/data science projects/air-pollution-levels/data/defra/optimised/2024measurements/London_Marylebone_Road/n-Octane__2024_11.csv,London Marylebone Road,n-Octane,32.44
i-Octane__2024_11.csv,/Users/burdzhuchaglayan/Desktop/data science projects/air-pollution-levels/data/defra/optimised/2024measurements/London_Marylebone_Road/i-Octane__2024_11.csv,London Marylebone Road,i-Octane,32.44
"1,3,5-TMB__2024_11.csv","/Users/burdzhuchaglayan/Desktop/data science projects/air-pollution-levels/data/defra/optimised/2024measurements/London_Marylebone_Road/1,3,5-TMB__2024_11.csv",London Marylebone Road,"1,3,5-TMB",32.44
NO2__2024_02.csv,/Users/burdzhuchaglayan/Desktop/data science projects/air-pollution-levels/data/defra/optimised/2024measurements/London_Marylebone_Road/NO2__2024_02.csv,London Marylebone Road,NO2,30.5
CO__2024_08.csv,/Users/burdzhuchaglayan/Desktop/data science projects/air-pollution-levels/data/defra/optimised/2024measurements/London_Marylebone_Road/CO__2024_08.csv,London Marylebone Road,CO,26.51
n-Heptane__2024_11.csv,/Users/burdzhuchaglayan/Desktop/data science projects/air-pollution-levels/data/defra/optimised/2024measurements/London_Marylebone_Road/n-Heptane__2024_11.csv,London Marylebone Road,n-Heptane,32.44
O3__2024_02.csv,/Users/burdzhuchaglayan/Desktop/data science projects/air-pollution-levels/data/defra/optimised/2024measurements/London_Marylebone_Road/O3__2024_02.csv,London Marylebone Road,O3,30.07
O3__2024_03.csv,/Users/burdzhuchaglayan/Desktop/data science projects/air-pollution-levels/data/defra/optimised/2024measurements/London_Marylebone_Road/O3__2024_03.csv,London Marylebone Road,O3,23.36
"1,2,4-TMB__2024_11.csv","/Users/burdzhuchaglayan/Desktop/data science projects/air-pollution-levels/data/defra/optimised/2024measurements/London_Marylebone_Road/1,2,4-TMB__2024_11.csv",London Marylebone Road,"1,2,4-TMB",32.67
Toluene__2024_11.csv,/Users/burdzhuchaglayan/Desktop/data science projects/air-pollution-levels/data/defra/optimised/2024measurements/London_Marylebone_Road/Toluene__2024_11.csv,London Marylebone Road,Toluene,32.44
SO2__2024_02.csv,/Users/burdzhuchaglayan/Desktop/data science projects/air-pollution-levels/data/defra/optimised/2024measurements/London_N._Kensington/SO2__2024_02.csv,London N. Kensington,SO2,29.6
SO2__2024_08.csv,/Users/burdzhuchaglayan/Desktop/data science projects/air-pollution-levels/data/defra/optimised/2024measurements/London_N._Kensington/SO2__2024_08.csv,London N. Kensington,SO2,25.44
SO2__2024_09.csv,/Users/burdzhuchaglayan/Desktop/data science projects/air-pollution-levels/data/defra/optimised/2024measurements/London_N._Kensington/SO2__2024_09.csv,London N. Kensington,SO2,44.03
NO2__2024_08.csv,/Users/burdzhuchaglayan/Desktop/data science projects/air-pollution-levels/data/defra/optimised/2024measurements/London_Bexley/NO2__2024_08.csv,London Bexley,NO2,40.92
NOx__2024_08.csv,/Users/burdzhuchaglayan/Desktop/data science projects/air-pollution-levels/data/defra/optimised/2024measurements/London_Bexley/NOx__2024_08.csv,London Bexley,NOx,40.92
NO__2024_08.csv,/Users/burdzhuchaglayan/Desktop/data science projects/air-pollution-levels/data/defra/optimised/2024measurements/London_Bexley/NO__2024_08.csv,London Bexley,NO,40.92
NO__2024_02.csv,/Users/burdzhuchaglayan/Desktop/data science projects/air-pollution-levels/data/defra/optimised/2024measurements/London_Haringey_Priory_Park_South/NO__2024_02.csv,London Haringey Priory Park South,NO,41.5
O3__2024_08.csv,/Users/burdzhuchaglayan/Desktop/data science projects/air-pollution-levels/data/defra/optimised/2024measurements/London_Haringey_Priory_Park_South/O3__2024_08.csv,London Haringey Priory Park South,O3,20.83
NOx__2024_02.csv,/Users/burdzhuchaglayan/Desktop/data science projects/air-pollution-levels/data/defra/optimised/2024measurements/London_Haringey_Priory_Park_South/NOx__2024_02.csv,London Haringey Priory Park South,NOx,41.5
NO__2024_04.csv,/Users/burdzhuchaglayan/Desktop/data science projects/air-pollution-levels/data/defra/optimised/2024measurements/London_Haringey_Priory_Park_South/NO__2024_04.csv,London Haringey Priory Park South,NO,37.08
NOx__2024_04.csv,/Users/burdzhuchaglayan/Desktop/data science projects/air-pollution-levels/data/defra/optimised/2024measurements/London_Haringey_Priory_Park_South/NOx__2024_04.csv,London Haringey Priory Park South,NOx,37.08
NO2__2024_02.csv,/Users/burdzhuchaglayan/Desktop/data science projects/air-pollution-levels/data/defra/optimised/2024measurements/London_Haringey_Priory_Park_South/NO2__2024_02.csv,London Haringey Priory Park South,NO2,41.5
NO2__2024_04.csv,/Users/burdzhuchaglayan/Desktop/data science projects/air-pollution-levels/data/defra/optimised/2024measurements/London_Haringey_Priory_Park_South/NO2__2024_04.csv,London Haringey Priory Park South,NO2,37.08
O3__2024_02.csv,/Users/burdzhuchaglayan/Desktop/data science projects/air-pollution-levels/data/defra/optimised/2024measurements/London_Haringey_Priory_Park_South/O3__2024_02.csv,London Haringey Priory Park South,O3,79.25
O3__2024_03.csv,/Users/burdzhuchaglayan/Desktop/data science projects/air-pollution-levels/data/defra/optimised/2024measurements/London_Haringey_Priory_Park_South/O3__2024_03.csv,London Haringey Priory Park South,O3,84.16
O3__2024_01.csv,/Users/burdzhuchaglayan/Desktop/data science projects/air-pollution-levels/data/defra/optimised/2024measurements/London_Haringey_Priory_Park_South/O3__2024_01.csv,London Haringey Priory Park South,O3,79.59
O3__2024_04.csv,/Users/burdzhuchaglayan/Desktop/data science projects/air-pollution-levels/data/defra/optimised/2024measurements/London_Haringey_Priory_Park_South/O3__2024_04.csv,London Haringey Priory Park South,O3,77.78
O3__2024_05.csv,/Users/burdzhuchaglayan/Desktop/data science projects/air-pollution-levels/data/defra/optimised/2024measurements/London_Haringey_Priory_Park_South/O3__2024_05.csv,London Haringey Priory Park South,O3,38.63
O3__2024_06.csv,/Users/burdzhuchaglayan/Desktop/data science projects/air-pollution-levels/data/defra/optimised/2024measurements/London_Haringey_Priory_Park_South/O3__2024_06.csv,London Haringey Priory Park South,O3,21.81
NO__2024_02.csv,/Users/burdzhuchaglayan/Desktop/data science projects/air-pollution-levels/data/defra/optimised/2024measurements/London_Eltham/NO__2024_02.csv,London Eltham,NO,100.0
NOx__2024_01.csv,/Users/burdzhuchaglayan/Desktop/data science projects/air-pollution-levels/data/defra/optimised/2024measurements/London_Eltham/NOx__2024_01.csv,London Eltham,NOx,100.0
NO__2024_03.csv,/Users/burdzhuchaglayan/Desktop/data science projects/air-pollution-levels/data/defra/optimised/2024measurements/London_Eltham/NO__2024_03.csv,London Eltham,NO,100.0
NO__2024_01.csv,/Users/burdzhuchaglayan/Desktop/data science projects/air-pollution-levels/data/defra/optimised/2024measurements/London_Eltham/NO__2024_01.csv,London Eltham,NO,100.0
O3__2024_08.csv,/Users/burdzhuchaglayan/Desktop/data science projects/air-pollution-levels/data/defra/optimised/2024measurements/London_Eltham/O3__2024_08.csv,London Eltham,O3,100.0
NOx__2024_03.csv,/Users/burdzhuchaglayan/Desktop/data science projects/air-pollution-levels/data/defra/optimised/2024measurements/London_Eltham/NOx__2024_03.csv,London Eltham,NOx,100.0
NOx__2024_02.csv,/Users/burdzhuchaglayan/Desktop/data science projects/air-pollution-levels/data/defra/optimised/2024measurements/London_Eltham/NOx__2024_02.csv,London Eltham,NOx,100.0
O3__2024_09.csv,/Users/burdzhuchaglayan/Desktop/data science projects/air-pollution-levels/data/defra/optimised/2024measurements/London_Eltham/O3__2024_09.csv,London Eltham,O3,100.0
NO__2024_10.csv,/Users/burdzhuchaglayan/Desktop/data science projects/air-pollution-levels/data/defra/optimised/2024measurements/London_Eltham/NO__2024_10.csv,London Eltham,NO,100.0
NO__2024_04.csv,/Users/burdzhuchaglayan/Desktop/data science projects/air-pollution-levels/data/defra/optimised/2024measurements/London_Eltham/NO__2024_04.csv,London Eltham,NO,100.0
NOx__2024_06.csv,/Users/burdzhuchaglayan/Desktop/data science projects/air-pollution-levels/data/defra/optimised/2024measurements/London_Eltham/NOx__2024_06.csv,London Eltham,NOx,100.0
NOx__2024_12.csv,/Users/burdzhuchaglayan/Desktop/data science projects/air-pollution-levels/data/defra/optimised/2024measurements/London_Eltham/NOx__2024_12.csv,London Eltham,NOx,100.0
NOx__2024_07.csv,/Users/burdzhuchaglayan/Desktop/data science projects/air-pollution-levels/data/defra/optimised/2024measurements/London_Eltham/NOx__2024_07.csv,London Eltham,NOx,100.0
NO__2024_05.csv,/Users/burdzhuchaglayan/Desktop/data science projects/air-pollution-levels/data/defra/optimised/2024measurements/London_Eltham/NO__2024_05.csv,London Eltham,NO,100.0
NO__2024_11.csv,/Users/burdzhuchaglayan/Desktop/data science projects/air-pollution-levels/data/defra/optimised/2024measurements/London_Eltham/NO__2024_11.csv,London Eltham,NO,100.0
NO__2024_07.csv,/Users/burdzhuchaglayan/Desktop/data science projects/air-pollution-levels/data/defra/optimised/2024measurements/London_Eltham/NO__2024_07.csv,London Eltham,NO,100.0
NOx__2024_11.csv,/Users/burdzhuchaglayan/Desktop/data science projects/air-pollution-levels/data/defra/optimised/2024measurements/London_Eltham/NOx__2024_11.csv,London Eltham,NOx,100.0
NOx__2024_05.csv,/Users/burdzhuchaglayan/Desktop/data science projects/air-pollution-levels/data/defra/optimised/2024measurements/London_Eltham/NOx__2024_05.csv,London Eltham,NOx,100.0
NOx__2024_04.csv,/Users/burdzhuchaglayan/Desktop/data science projects/air-pollution-levels/data/defra/optimised/2024measurements/London_Eltham/NOx__2024_04.csv,London Eltham,NOx,100.0
NOx__2024_10.csv,/Users/burdzhuchaglayan/Desktop/data science projects/air-pollution-levels/data/defra/optimised/2024measurements/London_Eltham/NOx__2024_10.csv,London Eltham,NOx,100.0
NO__2024_12.csv,/Users/burdzhuchaglayan/Desktop/data science projects/air-pollution-levels/data/defra/optimised/2024measurements/London_Eltham/NO__2024_12.csv,London Eltham,NO,100.0
NO__2024_06.csv,/Users/burdzhuchaglayan/Desktop/data science projects/air-pollution-levels/data/defra/optimised/2024measurements/London_Eltham/NO__2024_06.csv,London Eltham,NO,100.0
NO2__2024_08.csv,/Users/burdzhuchaglayan/Desktop/data science projects/air-pollution-levels/data/defra/optimised/2024measurements/London_Eltham/NO2__2024_08.csv,London Eltham,NO2,100.0
PM10__2024_05.csv,/Users/burdzhuchaglayan/Desktop/data science projects/air-pollution-levels/data/defra/optimised/2024measurements/London_Eltham/PM10__2024_05.csv,London Eltham,PM10,100.0
PM10__2024_11.csv,/Users/burdzhuchaglayan/Desktop/data science projects/air-pollution-levels/data/defra/optimised/2024measurements/London_Eltham/PM10__2024_11.csv,London Eltham,PM10,100.0
PM10__2024_10.csv,/Users/burdzhuchaglayan/Desktop/data science projects/air-pollution-levels/data/defra/optimised/2024measurements/London_Eltham/PM10__2024_10.csv,London Eltham,PM10,100.0
PM10__2024_04.csv,/Users/burdzhuchaglayan/Desktop/data science projects/air-pollution-levels/data/defra/optimised/2024measurements/London_Eltham/PM10__2024_04.csv,London Eltham,PM10,100.0
NO2__2024_09.csv,/Users/burdzhuchaglayan/Desktop/data science projects/air-pollution-levels/data/defra/optimised/2024measurements/London_Eltham/NO2__2024_09.csv,London Eltham,NO2,100.0
PM10__2024_12.csv,/Users/burdzhuchaglayan/Desktop/data science projects/air-pollution-levels/data/defra/optimised/2024measurements/London_Eltham/PM10__2024_12.csv,London Eltham,PM10,100.0
PM10__2024_06.csv,/Users/burdzhuchaglayan/Desktop/data science projects/air-pollution-levels/data/defra/optimised/2024measurements/London_Eltham/PM10__2024_06.csv,London Eltham,PM10,100.0
PM10__2024_07.csv,/Users/burdzhuchaglayan/Desktop/data science projects/air-pollution-levels/data/defra/optimised/2024measurements/London_Eltham/PM10__2024_07.csv,London Eltham,PM10,100.0
PM10__2024_03.csv,/Users/burdzhuchaglayan/Desktop/data science projects/air-pollution-levels/data/defra/optimised/2024measurements/London_Eltham/PM10__2024_03.csv,London Eltham,PM10,100.0
PM10__2024_02.csv,/Users/burdzhuchaglayan/Desktop/data science projects/air-pollution-levels/data/defra/optimised/2024measurements/London_Eltham/PM10__2024_02.csv,London Eltham,PM10,100.0
PM10__2024_01.csv,/Users/burdzhuchaglayan/Desktop/data science projects/air-pollution-levels/data/defra/optimised/2024measurements/London_Eltham/PM10__2024_01.csv,London Eltham,PM10,100.0
NO2__2024_01.csv,/Users/burdzhuchaglayan/Desktop/data science projects/air-pollution-levels/data/defra/optimised/2024measurements/London_Eltham/NO2__2024_01.csv,London Eltham,NO2,100.0
NO2__2024_02.csv,/Users/burdzhuchaglayan/Desktop/data science projects/air-pollution-levels/data/defra/optimised/2024measurements/London_Eltham/NO2__2024_02.csv,London Eltham,NO2,100.0
NO2__2024_03.csv,/Users/burdzhuchaglayan/Desktop/data science projects/air-pollution-levels/data/defra/optimised/2024measurements/London_Eltham/NO2__2024_03.csv,London Eltham,NO2,100.0
NO2__2024_07.csv,/Users/burdzhuchaglayan/Desktop/data science projects/air-pollution-levels/data/defra/optimised/2024measurements/London_Eltham/NO2__2024_07.csv,London Eltham,NO2,100.0
NO2__2024_12.csv,/Users/burdzhuchaglayan/Desktop/data science projects/air-pollution-levels/data/defra/optimised/2024measurements/London_Eltham/NO2__2024_12.csv,London Eltham,NO2,100.0
NO2__2024_06.csv,/Users/burdzhuchaglayan/Desktop/data science projects/air-pollution-levels/data/defra/optimised/2024measurements/London_Eltham/NO2__2024_06.csv,London Eltham,NO2,100.0
NO2__2024_10.csv,/Users/burdzhuchaglayan/Desktop/data science projects/air-pollution-levels/data/defra/optimised/2024measurements/London_Eltham/NO2__2024_10.csv,London Eltham,NO2,100.0
NO2__2024_04.csv,/Users/burdzhuchaglayan/Desktop/data science projects/air-pollution-levels/data/defra/optimised/2024measurements/London_Eltham/NO2__2024_04.csv,London Eltham,NO2,100.0
PM10__2024_09.csv,/Users/burdzhuchaglayan/Desktop/data science projects/air-pollution-levels/data/defra/optimised/2024measurements/London_Eltham/PM10__2024_09.csv,London Eltham,PM10,100.0
PM10__2024_08.csv,/Users/burdzhuchaglayan/Desktop/data science projects/air-pollution-levels/data/defra/optimised/2024measurements/London_Eltham/PM10__2024_08.csv,London Eltham,PM10,100.0
NO2__2024_05.csv,/Users/burdzhuchaglayan/Desktop/data science projects/air-pollution-levels/data/defra/optimised/2024measurements/London_Eltham/NO2__2024_05.csv,London Eltham,NO2,100.0
NO2__2024_11.csv,/Users/burdzhuchaglayan/Desktop/data science projects/air-pollution-levels/data/defra/optimised/2024measurements/London_Eltham/NO2__2024_11.csv,London Eltham,NO2,100.0
O3__2024_02.csv,/Users/burdzhuchaglayan/Desktop/data science projects/air-pollution-levels/data/defra/optimised/2024measurements/London_Eltham/O3__2024_02.csv,London Eltham,O3,100.0
NOx__2024_09.csv,/Users/burdzhuchaglayan/Desktop/data science projects/air-pollution-levels/data/defra/optimised/2024measurements/London_Eltham/NOx__2024_09.csv,London Eltham,NOx,100.0
NOx__2024_08.csv,/Users/burdzhuchaglayan/Desktop/data science projects/air-pollution-levels/data/defra/optimised/2024measurements/London_Eltham/NOx__2024_08.csv,London Eltham,NOx,100.0
O3__2024_03.csv,/Users/burdzhuchaglayan/Desktop/data science projects/air-pollution-levels/data/defra/optimised/2024measurements/London_Eltham/O3__2024_03.csv,London Eltham,O3,100.0
NO__2024_08.csv,/Users/burdzhuchaglayan/Desktop/data science projects/air-pollution-levels/data/defra/optimised/2024measurements/London_Eltham/NO__2024_08.csv,London Eltham,NO,100.0
O3__2024_01.csv,/Users/burdzhuchaglayan/Desktop/data science projects/air-pollution-levels/data/defra/optimised/2024measurements/London_Eltham/O3__2024_01.csv,London Eltham,O3,100.0
NO__2024_09.csv,/Users/burdzhuchaglayan/Desktop/data science projects/air-pollution-levels/data/defra/optimised/2024measurements/London_Eltham/NO__2024_09.csv,London Eltham,NO,100.0
O3__2024_04.csv,/Users/burdzhuchaglayan/Desktop/data science projects/air-pollution-levels/data/defra/optimised/2024measurements/London_Eltham/O3__2024_04.csv,London Eltham,O3,100.0
O3__2024_10.csv,/Users/burdzhuchaglayan/Desktop/data science projects/air-pollution-levels/data/defra/optimised/2024measurements/London_Eltham/O3__2024_10.csv,London Eltham,O3,100.0
O3__2024_11.csv,/Users/burdzhuchaglayan/Desktop/data science projects/air-pollution-levels/data/defra/optimised/2024measurements/London_Eltham/O3__2024_11.csv,London Eltham,O3,100.0
O3__2024_05.csv,/Users/burdzhuchaglayan/Desktop/data science projects/air-pollution-levels/data/defra/optimised/2024measurements/London_Eltham/O3__2024_05.csv,London Eltham,O3,100.0
O3__2024_07.csv,/Users/burdzhuchaglayan/Desktop/data science projects/air-pollution-levels/data/defra/optimised/2024measurements/London_Eltham/O3__2024_07.csv,London Eltham,O3,100.0
O3__2024_06.csv,/Users/burdzhuchaglayan/Desktop/data science projects/air-pollution-levels/data/defra/optimised/2024measurements/London_Eltham/O3__2024_06.csv,London Eltham,O3,100.0
O3__2024_12.csv,/Users/burdzhuchaglayan/Desktop/data science projects/air-pollution-levels/data/defra/optimised/2024measurements/London_Eltham/O3__2024_12.csv,London Eltham,O3,100.0
NO__2024_11.csv,/Users/burdzhuchaglayan/Desktop/data science projects/air-pollution-levels/data/defra/optimised/2024measurements/London_Bloomsbury/NO__2024_11.csv,London Bloomsbury,NO,61.67
NOx__2024_11.csv,/Users/burdzhuchaglayan/Desktop/data science projects/air-pollution-levels/data/defra/optimised/2024measurements/London_Bloomsbury/NOx__2024_11.csv,London Bloomsbury,NOx,63.51
PM10__2024_11.csv,/Users/burdzhuchaglayan/Desktop/data science projects/air-pollution-levels/data/defra/optimised/2024measurements/London_Bloomsbury/PM10__2024_11.csv,London Bloomsbury,PM10,61.53
SO2__2024_12.csv,/Users/burdzhuchaglayan/Desktop/data science projects/air-pollution-levels/data/defra/optimised/2024measurements/London_Bloomsbury/SO2__2024_12.csv,London Bloomsbury,SO2,100.0
SO2__2024_11.csv,/Users/burdzhuchaglayan/Desktop/data science projects/air-pollution-levels/data/defra/optimised/2024measurements/London_Bloomsbury/SO2__2024_11.csv,London Bloomsbury,SO2,61.81
PM2.5__2024_11.csv,/Users/burdzhuchaglayan/Desktop/data science projects/air-pollution-levels/data/defra/optimised/2024measurements/London_Bloomsbury/PM2.5__2024_11.csv,London Bloomsbury,PM2.5,61.53
NO2__2024_11.csv,/Users/burdzhuchaglayan/Desktop/data science projects/air-pollution-levels/data/defra/optimised/2024measurements/London_Bloomsbury/NO2__2024_11.csv,London Bloomsbury,NO2,61.67
O3__2024_11.csv,/Users/burdzhuchaglayan/Desktop/data science projects/air-pollution-levels/data/defra/optimised/2024measurements/London_Bloomsbury/O3__2024_11.csv,London Bloomsbury,O3,63.55
PM10__2024_05.csv,/Users/burdzhuchaglayan/Desktop/data science projects/air-pollution-levels/data/defra/optimised/2024measurements/London_Teddington_Bushy_Park/PM10__2024_05.csv,London Teddington Bushy Park,PM10,100.0
PM10__2024_11.csv,/Users/burdzhuchaglayan/Desktop/data science projects/air-pollution-levels/data/defra/optimised/2024measurements/London_Teddington_Bushy_Park/PM10__2024_11.csv,London Teddington Bushy Park,PM10,100.0
PM10__2024_10.csv,/Users/burdzhuchaglayan/Desktop/data science projects/air-pollution-levels/data/defra/optimised/2024measurements/London_Teddington_Bushy_Park/PM10__2024_10.csv,London Teddington Bushy Park,PM10,100.0
PM10__2024_04.csv,/Users/burdzhuchaglayan/Desktop/data science projects/air-pollution-levels/data/defra/optimised/2024measurements/London_Teddington_Bushy_Park/PM10__2024_04.csv,London Teddington Bushy Park,PM10,100.0
PM10__2024_06.csv,/Users/burdzhuchaglayan/Desktop/data science projects/air-pollution-levels/data/defra/optimised/2024measurements/London_Teddington_Bushy_Park/PM10__2024_06.csv,London Teddington Bushy Park,PM10,100.0
PM10__2024_07.csv,/Users/burdzhuchaglayan/Desktop/data science projects/air-pollution-levels/data/defra/optimised/2024measurements/London_Teddington_Bushy_Park/PM10__2024_07.csv,London Teddington Bushy Park,PM10,100.0
PM10__2024_03.csv,/Users/burdzhuchaglayan/Desktop/data science projects/air-pollution-levels/data/defra/optimised/2024measurements/London_Teddington_Bushy_Park/PM10__2024_03.csv,London Teddington Bushy Park,PM10,100.0
PM10__2024_02.csv,/Users/burdzhuchaglayan/Desktop/data science projects/air-pollution-levels/data/defra/optimised/2024measurements/London_Teddington_Bushy_Park/PM10__2024_02.csv,London Teddington Bushy Park,PM10,100.0
PM2.5__2024_09.csv,/Users/burdzhuchaglayan/Desktop/data science projects/air-pollution-levels/data/defra/optimised/2024measurements/London_Teddington_Bushy_Park/PM2.5__2024_09.csv,London Teddington Bushy Park,PM2.5,100.0
PM10__2024_01.csv,/Users/burdzhuchaglayan/Desktop/data science projects/air-pollution-levels/data/defra/optimised/2024measurements/London_Teddington_Bushy_Park/PM10__2024_01.csv,London Teddington Bushy Park,PM10,100.0
PM2.5__2024_08.csv,/Users/burdzhuchaglayan/Desktop/data science projects/air-pollution-levels/data/defra/optimised/2024measurements/London_Teddington_Bushy_Park/PM2.5__2024_08.csv,London Teddington Bushy Park,PM2.5,100.0
PM2.5__2024_11.csv,/Users/burdzhuchaglayan/Desktop/data science projects/air-pollution-levels/data/defra/optimised/2024measurements/London_Teddington_Bushy_Park/PM2.5__2024_11.csv,London Teddington Bushy Park,PM2.5,100.0
PM2.5__2024_05.csv,/Users/burdzhuchaglayan/Desktop/data science projects/air-pollution-levels/data/defra/optimised/2024measurements/London_Teddington_Bushy_Park/PM2.5__2024_05.csv,London Teddington Bushy Park,PM2.5,100.0
PM2.5__2024_04.csv,/Users/burdzhuchaglayan/Desktop/data science projects/air-pollution-levels/data/defra/optimised/2024measurements/London_Teddington_Bushy_Park/PM2.5__2024_04.csv,London Teddington Bushy Park,PM2.5,100.0
PM2.5__2024_10.csv,/Users/burdzhuchaglayan/Desktop/data science projects/air-pollution-levels/data/defra/optimised/2024measurements/London_Teddington_Bushy_Park/PM2.5__2024_10.csv,London Teddington Bushy Park,PM2.5,100.0
PM2.5__2024_06.csv,/Users/burdzhuchaglayan/Desktop/data science projects/air-pollution-levels/data/defra/optimised/2024measurements/London_Teddington_Bushy_Park/PM2.5__2024_06.csv,London Teddington Bushy Park,PM2.5,100.0
PM2.5__2024_07.csv,/Users/burdzhuchaglayan/Desktop/data science projects/air-pollution-levels/data/defra/optimised/2024measurements/London_Teddington_Bushy_Park/PM2.5__2024_07.csv,London Teddington Bushy Park,PM2.5,100.0
PM2.5__2024_03.csv,/Users/burdzhuchaglayan/Desktop/data science projects/air-pollution-levels/data/defra/optimised/2024measurements/London_Teddington_Bushy_Park/PM2.5__2024_03.csv,London Teddington Bushy Park,PM2.5,100.0
PM2.5__2024_02.csv,/Users/burdzhuchaglayan/Desktop/data science projects/air-pollution-levels/data/defra/optimised/2024measurements/London_Teddington_Bushy_Park/PM2.5__2024_02.csv,London Teddington Bushy Park,PM2.5,100.0
PM10__2024_09.csv,/Users/burdzhuchaglayan/Desktop/data science projects/air-pollution-levels/data/defra/optimised/2024measurements/London_Teddington_Bushy_Park/PM10__2024_09.csv,London Teddington Bushy Park,PM10,100.0
PM10__2024_08.csv,/Users/burdzhuchaglayan/Desktop/data science projects/air-pollution-levels/data/defra/optimised/2024measurements/London_Teddington_Bushy_Park/PM10__2024_08.csv,London Teddington Bushy Park,PM10,100.0
PM2.5__2024_01.csv,/Users/burdzhuchaglayan/Desktop/data science projects/air-pollution-levels/data/defra/optimised/2024measurements/London_Teddington_Bushy_Park/PM2.5__2024_01.csv,London Teddington Bushy Park,PM2.5,100.0
NOx__2024_07.csv,/Users/burdzhuchaglayan/Desktop/data science projects/air-pollution-levels/data/defra/optimised/2024measurements/Borehamwood_Meadow_Park/NOx__2024_07.csv,Borehamwood Meadow Park,NOx,27.05
NO__2024_07.csv,/Users/burdzhuchaglayan/Desktop/data science projects/air-pollution-levels/data/defra/optimised/2024measurements/Borehamwood_Meadow_Park/NO__2024_07.csv,Borehamwood Meadow Park,NO,27.05
PM10__2024_07.csv,/Users/burdzhuchaglayan/Desktop/data science projects/air-pollution-levels/data/defra/optimised/2024measurements/Borehamwood_Meadow_Park/PM10__2024_07.csv,Borehamwood Meadow Park,PM10,25.88
PM2.5__2024_07.csv,/Users/burdzhuchaglayan/Desktop/data science projects/air-pollution-levels/data/defra/optimised/2024measurements/Borehamwood_Meadow_Park/PM2.5__2024_07.csv,Borehamwood Meadow Park,PM2.5,25.88
NO2__2024_07.csv,/Users/burdzhuchaglayan/Desktop/data science projects/air-pollution-levels/data/defra/optimised/2024measurements/Borehamwood_Meadow_Park/NO2__2024_07.csv,Borehamwood Meadow Park,NO2,27.05
